label,speaker,take,id
5,nicolas,9,5_nicolas_9.wav
3,yweweler,14,3_yweweler_14.wav
1,lucas,5,1_lucas_5.wav
2,george,44,2_george_44.wav
4,yweweler,38,4_yweweler_38.wav
3,yweweler,28,3_yweweler_28.wav
4,yweweler,10,4_yweweler_10.wav
3,george,1,3_george_1.wav
1,nicolas,15,1_nicolas_15.wav
1,jackson,42,1_jackson_42.wav
0,theo,46,0_theo_46.wav
6,lucas,9,6_lucas_9.wav
5,nicolas,48,5_nicolas_48.wav
9,jackson,43,9_jackson_43.wav
9,nicolas,14,9_nicolas_14.wav
4,nicolas,7,4_nicolas_7.wav
1,nicolas,29,1_nicolas_29.wav
4,jackson,0,4_jackson_0.wav
1,lucas,43,1_lucas_43.wav
5,jackson,23,5_jackson_23.wav
7,george,9,7_george_9.wav
9,nicolas,28,9_nicolas_28.wav
5,jackson,37,5_jackson_37.wav
2,jackson,20,2_jackson_20.wav
2,jackson,34,2_jackson_34.wav
7,yweweler,41,7_yweweler_41.wav
4,theo,11,4_theo_11.wav
7,nicolas,2,7_nicolas_2.wav
6,jackson,41,6_jackson_41.wav
6,nicolas,16,6_nicolas_16.wav
9,lucas,17,9_lucas_17.wav
4,theo,39,4_theo_39.wav
9,theo,45,9_theo_45.wav
7,jackson,5,7_jackson_5.wav
9,yweweler,32,9_yweweler_32.wav
9,yweweler,26,9_yweweler_26.wav
7,theo,5,7_theo_5.wav
6,yweweler,8,6_yweweler_8.wav
4,george,1,4_george_1.wav
0,yweweler,45,0_yweweler_45.wav
1,george,41,1_george_41.wav
6,lucas,43,6_lucas_43.wav
3,theo,35,3_theo_35.wav
0,george,9,0_george_9.wav
8,lucas,6,8_lucas_6.wav
3,theo,21,3_theo_21.wav
6,george,45,6_george_45.wav
6,theo,30,6_theo_30.wav
1,nicolas,8,1_nicolas_8.wav
6,theo,24,6_theo_24.wav
5,yweweler,49,5_yweweler_49.wav
2,george,6,2_george_6.wav
8,george,37,8_george_37.wav
8,george,23,8_george_23.wav
6,theo,18,6_theo_18.wav
4,jackson,33,4_jackson_33.wav
0,nicolas,6,0_nicolas_6.wav
0,nicolas,39,0_nicolas_39.wav
9,george,11,9_george_11.wav
1,theo,28,1_theo_28.wav
4,jackson,27,4_jackson_27.wav
8,nicolas,38,8_nicolas_38.wav
8,nicolas,10,8_nicolas_10.wav
8,jackson,47,8_jackson_47.wav
0,lucas,44,0_lucas_44.wav
0,jackson,46,0_jackson_46.wav
0,nicolas,11,0_nicolas_11.wav
9,george,39,9_george_39.wav
0,jackson,1,0_jackson_1.wav
1,theo,14,1_theo_14.wav
6,yweweler,24,6_yweweler_24.wav
8,lucas,38,8_lucas_38.wav
3,nicolas,3,3_nicolas_3.wav
7,nicolas,12,7_nicolas_12.wav
7,jackson,45,7_jackson_45.wav
8,theo,17,8_theo_17.wav
6,yweweler,30,6_yweweler_30.wav
3,jackson,18,3_jackson_18.wav
5,theo,43,5_theo_43.wav
1,yweweler,20,1_yweweler_20.wav
6,yweweler,18,6_yweweler_18.wav
3,jackson,30,3_jackson_30.wav
8,yweweler,43,8_yweweler_43.wav
5,george,6,5_george_6.wav
3,jackson,24,3_jackson_24.wav
3,jackson,4,3_jackson_4.wav
8,lucas,10,8_lucas_10.wav
1,yweweler,34,1_yweweler_34.wav
5,george,40,5_george_40.wav
4,lucas,0,4_lucas_0.wav
2,theo,0,2_theo_0.wav
9,theo,8,9_theo_8.wav
7,lucas,44,7_lucas_44.wav
9,theo,9,9_theo_9.wav
2,theo,1,2_theo_1.wav
7,lucas,45,7_lucas_45.wav
4,lucas,1,4_lucas_1.wav
5,george,41,5_george_41.wav
1,yweweler,35,1_yweweler_35.wav
8,lucas,11,8_lucas_11.wav
3,jackson,5,3_jackson_5.wav
3,jackson,25,3_jackson_25.wav
3,jackson,31,3_jackson_31.wav
6,yweweler,19,6_yweweler_19.wav
1,yweweler,21,1_yweweler_21.wav
5,theo,42,5_theo_42.wav
5,george,7,5_george_7.wav
8,yweweler,42,8_yweweler_42.wav
7,jackson,44,7_jackson_44.wav
7,nicolas,13,7_nicolas_13.wav
3,jackson,19,3_jackson_19.wav
6,yweweler,31,6_yweweler_31.wav
8,theo,16,8_theo_16.wav
8,lucas,39,8_lucas_39.wav
6,yweweler,25,6_yweweler_25.wav
3,nicolas,2,3_nicolas_2.wav
9,george,38,9_george_38.wav
0,nicolas,10,0_nicolas_10.wav
0,jackson,47,0_jackson_47.wav
0,lucas,45,0_lucas_45.wav
1,theo,15,1_theo_15.wav
0,jackson,0,0_jackson_0.wav
8,jackson,46,8_jackson_46.wav
8,nicolas,11,8_nicolas_11.wav
8,nicolas,39,8_nicolas_39.wav
4,jackson,26,4_jackson_26.wav
1,theo,29,1_theo_29.wav
4,jackson,32,4_jackson_32.wav
9,george,10,9_george_10.wav
0,nicolas,38,0_nicolas_38.wav
0,nicolas,7,0_nicolas_7.wav
8,george,22,8_george_22.wav
6,theo,19,6_theo_19.wav
2,george,7,2_george_7.wav
8,george,36,8_george_36.wav
1,nicolas,9,1_nicolas_9.wav
5,yweweler,48,5_yweweler_48.wav
6,theo,25,6_theo_25.wav
6,theo,31,6_theo_31.wav
6,george,44,6_george_44.wav
3,theo,20,3_theo_20.wav
3,theo,34,3_theo_34.wav
0,george,8,0_george_8.wav
6,lucas,42,6_lucas_42.wav
8,lucas,7,8_lucas_7.wav
1,george,40,1_george_40.wav
4,george,0,4_george_0.wav
6,yweweler,9,6_yweweler_9.wav
7,theo,4,7_theo_4.wav
9,yweweler,27,9_yweweler_27.wav
0,yweweler,44,0_yweweler_44.wav
9,theo,44,9_theo_44.wav
4,theo,38,4_theo_38.wav
9,lucas,16,9_lucas_16.wav
6,nicolas,17,6_nicolas_17.wav
6,jackson,40,6_jackson_40.wav
9,yweweler,33,9_yweweler_33.wav
7,jackson,4,7_jackson_4.wav
2,jackson,35,2_jackson_35.wav
7,nicolas,3,7_nicolas_3.wav
4,theo,10,4_theo_10.wav
7,yweweler,40,7_yweweler_40.wav
2,jackson,21,2_jackson_21.wav
5,jackson,36,5_jackson_36.wav
9,nicolas,29,9_nicolas_29.wav
1,nicolas,28,1_nicolas_28.wav
7,george,8,7_george_8.wav
5,jackson,22,5_jackson_22.wav
1,lucas,42,1_lucas_42.wav
4,jackson,1,4_jackson_1.wav
9,nicolas,15,9_nicolas_15.wav
9,jackson,42,9_jackson_42.wav
4,nicolas,6,4_nicolas_6.wav
0,theo,47,0_theo_47.wav
1,jackson,43,1_jackson_43.wav
1,nicolas,14,1_nicolas_14.wav
5,nicolas,49,5_nicolas_49.wav
6,lucas,8,6_lucas_8.wav
3,george,0,3_george_0.wav
4,yweweler,11,4_yweweler_11.wav
3,yweweler,29,3_yweweler_29.wav
2,george,45,2_george_45.wav
4,yweweler,39,4_yweweler_39.wav
3,yweweler,15,3_yweweler_15.wav
5,nicolas,8,5_nicolas_8.wav
1,lucas,4,1_lucas_4.wav
2,george,47,2_george_47.wav
1,lucas,6,1_lucas_6.wav
7,theo,49,7_theo_49.wav
3,yweweler,17,3_yweweler_17.wav
5,lucas,48,5_lucas_48.wav
3,george,2,3_george_2.wav
4,yweweler,13,4_yweweler_13.wav
4,nicolas,4,4_nicolas_4.wav
9,jackson,40,9_jackson_40.wav
9,nicolas,17,9_nicolas_17.wav
1,yweweler,8,1_yweweler_8.wav
3,george,49,3_george_49.wav
0,theo,45,0_theo_45.wav
1,nicolas,16,1_nicolas_16.wav
1,jackson,41,1_jackson_41.wav
9,yweweler,9,9_yweweler_9.wav
5,jackson,34,5_jackson_34.wav
4,jackson,3,4_jackson_3.wav
1,lucas,40,1_lucas_40.wav
5,jackson,20,5_jackson_20.wav
4,theo,8,4_theo_8.wav
7,yweweler,42,7_yweweler_42.wav
4,theo,12,4_theo_12.wav
7,nicolas,1,7_nicolas_1.wav
2,jackson,37,2_jackson_37.wav
9,yweweler,19,9_yweweler_19.wav
2,jackson,23,2_jackson_23.wav
9,lucas,28,9_lucas_28.wav
6,nicolas,29,6_nicolas_29.wav
0,yweweler,46,0_yweweler_46.wav
7,theo,6,7_theo_6.wav
2,lucas,48,2_lucas_48.wav
9,yweweler,25,9_yweweler_25.wav
4,george,2,4_george_2.wav
2,nicolas,48,2_nicolas_48.wav
7,jackson,6,7_jackson_6.wav
9,yweweler,31,9_yweweler_31.wav
6,jackson,42,6_jackson_42.wav
6,nicolas,15,6_nicolas_15.wav
9,theo,46,9_theo_46.wav
9,lucas,14,9_lucas_14.wav
1,george,42,1_george_42.wav
3,theo,22,3_theo_22.wav
6,jackson,8,6_jackson_8.wav
8,lucas,5,8_lucas_5.wav
6,lucas,40,6_lucas_40.wav
3,theo,36,3_theo_36.wav
6,theo,27,6_theo_27.wav
6,george,46,6_george_46.wav
6,theo,33,6_theo_33.wav
8,george,20,8_george_20.wav
8,george,34,8_george_34.wav
2,george,5,2_george_5.wav
4,jackson,24,4_jackson_24.wav
7,george,48,7_george_48.wav
0,nicolas,5,0_nicolas_5.wav
9,george,12,9_george_12.wav
4,jackson,30,4_jackson_30.wav
0,jackson,2,0_jackson_2.wav
1,theo,17,1_theo_17.wav
4,jackson,18,4_jackson_18.wav
0,lucas,47,0_lucas_47.wav
0,jackson,45,0_jackson_45.wav
0,nicolas,12,0_nicolas_12.wav
8,nicolas,13,8_nicolas_13.wav
8,jackson,44,8_jackson_44.wav
8,theo,14,8_theo_14.wav
6,yweweler,33,6_yweweler_33.wav
7,nicolas,11,7_nicolas_11.wav
7,jackson,46,7_jackson_46.wav
3,nicolas,0,3_nicolas_0.wav
6,yweweler,27,6_yweweler_27.wav
3,jackson,27,3_jackson_27.wav
8,theo,28,8_theo_28.wav
8,lucas,13,8_lucas_13.wav
3,jackson,7,3_jackson_7.wav
1,yweweler,37,1_yweweler_37.wav
7,nicolas,39,7_nicolas_39.wav
8,yweweler,40,8_yweweler_40.wav
5,george,5,5_george_5.wav
5,theo,40,5_theo_40.wav
1,yweweler,23,1_yweweler_23.wav
3,jackson,33,3_jackson_33.wav
5,george,43,5_george_43.wav
7,lucas,47,7_lucas_47.wav
2,theo,3,2_theo_3.wav
4,lucas,3,4_lucas_3.wav
2,jackson,9,2_jackson_9.wav
4,lucas,2,4_lucas_2.wav
2,jackson,8,2_jackson_8.wav
7,lucas,46,7_lucas_46.wav
2,theo,2,2_theo_2.wav
5,george,42,5_george_42.wav
5,george,4,5_george_4.wav
8,yweweler,41,8_yweweler_41.wav
7,nicolas,38,7_nicolas_38.wav
3,jackson,32,3_jackson_32.wav
1,yweweler,22,1_yweweler_22.wav
5,theo,41,5_theo_41.wav
1,yweweler,36,1_yweweler_36.wav
3,jackson,6,3_jackson_6.wav
8,lucas,12,8_lucas_12.wav
8,theo,29,8_theo_29.wav
3,jackson,26,3_jackson_26.wav
3,nicolas,1,3_nicolas_1.wav
6,yweweler,26,6_yweweler_26.wav
6,yweweler,32,6_yweweler_32.wav
8,theo,15,8_theo_15.wav
7,jackson,47,7_jackson_47.wav
7,nicolas,10,7_nicolas_10.wav
8,jackson,45,8_jackson_45.wav
8,nicolas,12,8_nicolas_12.wav
4,jackson,19,4_jackson_19.wav
1,theo,16,1_theo_16.wav
0,jackson,3,0_jackson_3.wav
0,nicolas,13,0_nicolas_13.wav
0,jackson,44,0_jackson_44.wav
0,lucas,46,0_lucas_46.wav
9,george,13,9_george_13.wav
0,nicolas,4,0_nicolas_4.wav
4,jackson,31,4_jackson_31.wav
7,george,49,7_george_49.wav
4,jackson,25,4_jackson_25.wav
8,george,35,8_george_35.wav
2,george,4,2_george_4.wav
8,george,21,8_george_21.wav
6,theo,32,6_theo_32.wav
6,george,47,6_george_47.wav
6,theo,26,6_theo_26.wav
8,lucas,4,8_lucas_4.wav
3,theo,37,3_theo_37.wav
6,lucas,41,6_lucas_41.wav
3,theo,23,3_theo_23.wav
6,jackson,9,6_jackson_9.wav
1,george,43,1_george_43.wav
9,yweweler,30,9_yweweler_30.wav
7,jackson,7,7_jackson_7.wav
2,nicolas,49,2_nicolas_49.wav
9,lucas,15,9_lucas_15.wav
9,theo,47,9_theo_47.wav
6,nicolas,14,6_nicolas_14.wav
6,jackson,43,6_jackson_43.wav
0,yweweler,47,0_yweweler_47.wav
4,george,3,4_george_3.wav
9,yweweler,24,9_yweweler_24.wav
2,lucas,49,2_lucas_49.wav
7,theo,7,7_theo_7.wav
2,jackson,22,2_jackson_22.wav
6,nicolas,28,6_nicolas_28.wav
9,lucas,29,9_lucas_29.wav
7,nicolas,0,7_nicolas_0.wav
4,theo,13,4_theo_13.wav
7,yweweler,43,7_yweweler_43.wav
9,yweweler,18,9_yweweler_18.wav
2,jackson,36,2_jackson_36.wav
4,theo,9,4_theo_9.wav
5,jackson,21,5_jackson_21.wav
1,lucas,41,1_lucas_41.wav
4,jackson,2,4_jackson_2.wav
5,jackson,35,5_jackson_35.wav
3,george,48,3_george_48.wav
9,yweweler,8,9_yweweler_8.wav
1,jackson,40,1_jackson_40.wav
1,nicolas,17,1_nicolas_17.wav
0,theo,44,0_theo_44.wav
4,nicolas,5,4_nicolas_5.wav
1,yweweler,9,1_yweweler_9.wav
9,nicolas,16,9_nicolas_16.wav
9,jackson,41,9_jackson_41.wav
4,yweweler,12,4_yweweler_12.wav
3,george,3,3_george_3.wav
5,lucas,49,5_lucas_49.wav
1,lucas,7,1_lucas_7.wav
3,yweweler,16,3_yweweler_16.wav
7,theo,48,7_theo_48.wav
2,george,46,2_george_46.wav
5,jackson,8,5_jackson_8.wav
3,george,7,3_george_7.wav
4,yweweler,16,4_yweweler_16.wav
2,george,42,2_george_42.wav
3,yweweler,12,3_yweweler_12.wav
1,lucas,3,1_lucas_3.wav
5,jackson,31,5_jackson_31.wav
1,lucas,45,1_lucas_45.wav
4,jackson,6,4_jackson_6.wav
5,jackson,25,5_jackson_25.wav
9,jackson,45,9_jackson_45.wav
9,nicolas,12,9_nicolas_12.wav
4,nicolas,1,4_nicolas_1.wav
0,theo,40,0_theo_40.wav
1,nicolas,13,1_nicolas_13.wav
1,jackson,44,1_jackson_44.wav
5,jackson,19,5_jackson_19.wav
7,theo,3,7_theo_3.wav
9,yweweler,20,9_yweweler_20.wav
4,george,7,4_george_7.wav
0,yweweler,43,0_yweweler_43.wav
6,jackson,47,6_jackson_47.wav
6,nicolas,10,6_nicolas_10.wav
9,theo,43,9_theo_43.wav
9,lucas,11,9_lucas_11.wav
7,jackson,3,7_jackson_3.wav
9,yweweler,34,9_yweweler_34.wav
2,jackson,32,2_jackson_32.wav
6,nicolas,38,6_nicolas_38.wav
7,yweweler,47,7_yweweler_47.wav
7,nicolas,4,7_nicolas_4.wav
4,theo,17,4_theo_17.wav
9,lucas,39,9_lucas_39.wav
2,jackson,26,2_jackson_26.wav
0,george,49,0_george_49.wav
3,theo,27,3_theo_27.wav
6,lucas,45,6_lucas_45.wav
3,theo,33,3_theo_33.wav
8,lucas,0,8_lucas_0.wav
1,george,47,1_george_47.wav
8,george,25,8_george_25.wav
2,george,0,2_george_0.wav
1,jackson,9,1_jackson_9.wav
8,george,31,8_george_31.wav
1,theo,8,1_theo_8.wav
8,george,19,8_george_19.wav
6,theo,22,6_theo_22.wav
6,george,43,6_george_43.wav
6,theo,36,6_theo_36.wav
0,jackson,40,0_jackson_40.wav
0,nicolas,17,0_nicolas_17.wav
8,yweweler,8,8_yweweler_8.wav
0,lucas,42,0_lucas_42.wav
6,george,8,6_george_8.wav
0,jackson,7,0_jackson_7.wav
1,theo,12,1_theo_12.wav
8,nicolas,16,8_nicolas_16.wav
8,jackson,41,8_jackson_41.wav
0,yweweler,9,0_yweweler_9.wav
4,jackson,21,4_jackson_21.wav
4,jackson,35,4_jackson_35.wav
0,nicolas,0,0_nicolas_0.wav
9,george,17,9_george_17.wav
7,nicolas,28,7_nicolas_28.wav
3,jackson,22,3_jackson_22.wav
8,lucas,16,8_lucas_16.wav
3,jackson,2,3_jackson_2.wav
1,yweweler,32,1_yweweler_32.wav
8,theo,39,8_theo_39.wav
5,theo,45,5_theo_45.wav
1,yweweler,26,1_yweweler_26.wav
3,jackson,36,3_jackson_36.wav
8,yweweler,45,8_yweweler_45.wav
5,george,0,5_george_0.wav
7,nicolas,14,7_nicolas_14.wav
7,jackson,43,7_jackson_43.wav
8,theo,11,8_theo_11.wav
3,nicolas,49,3_nicolas_49.wav
6,yweweler,36,6_yweweler_36.wav
4,george,48,4_george_48.wav
6,yweweler,22,6_yweweler_22.wav
3,nicolas,5,3_nicolas_5.wav
2,theo,6,2_theo_6.wav
7,lucas,42,7_lucas_42.wav
1,george,8,1_george_8.wav
2,theo,49,2_theo_49.wav
4,lucas,6,4_lucas_6.wav
5,george,46,5_george_46.wav
5,george,47,5_george_47.wav
2,theo,48,2_theo_48.wav
4,lucas,7,4_lucas_7.wav
2,theo,7,2_theo_7.wav
1,george,9,1_george_9.wav
7,lucas,43,7_lucas_43.wav
6,yweweler,23,6_yweweler_23.wav
3,nicolas,4,3_nicolas_4.wav
7,jackson,42,7_jackson_42.wav
7,nicolas,15,7_nicolas_15.wav
4,george,49,4_george_49.wav
6,yweweler,37,6_yweweler_37.wav
3,nicolas,48,3_nicolas_48.wav
8,theo,10,8_theo_10.wav
3,jackson,37,3_jackson_37.wav
1,yweweler,27,1_yweweler_27.wav
5,theo,44,5_theo_44.wav
8,theo,38,8_theo_38.wav
5,george,1,5_george_1.wav
8,yweweler,44,8_yweweler_44.wav
7,nicolas,29,7_nicolas_29.wav
1,yweweler,33,1_yweweler_33.wav
3,jackson,3,3_jackson_3.wav
8,lucas,17,8_lucas_17.wav
3,jackson,23,3_jackson_23.wav
4,jackson,34,4_jackson_34.wav
9,george,16,9_george_16.wav
0,nicolas,1,0_nicolas_1.wav
4,jackson,20,4_jackson_20.wav
0,yweweler,8,0_yweweler_8.wav
8,jackson,40,8_jackson_40.wav
8,nicolas,17,8_nicolas_17.wav
6,george,9,6_george_9.wav
0,lucas,43,0_lucas_43.wav
8,yweweler,9,8_yweweler_9.wav
0,nicolas,16,0_nicolas_16.wav
0,jackson,41,0_jackson_41.wav
1,theo,13,1_theo_13.wav
0,jackson,6,0_jackson_6.wav
6,theo,37,6_theo_37.wav
6,george,42,6_george_42.wav
8,george,18,8_george_18.wav
6,theo,23,6_theo_23.wav
1,jackson,8,1_jackson_8.wav
2,george,1,2_george_1.wav
1,theo,9,1_theo_9.wav
8,george,30,8_george_30.wav
8,george,24,8_george_24.wav
1,george,46,1_george_46.wav
3,theo,32,3_theo_32.wav
6,lucas,44,6_lucas_44.wav
8,lucas,1,8_lucas_1.wav
3,theo,26,3_theo_26.wav
0,george,48,0_george_48.wav
2,jackson,27,2_jackson_27.wav
2,jackson,33,2_jackson_33.wav
9,lucas,38,9_lucas_38.wav
4,theo,16,4_theo_16.wav
7,nicolas,5,7_nicolas_5.wav
7,yweweler,46,7_yweweler_46.wav
6,nicolas,39,6_nicolas_39.wav
9,lucas,10,9_lucas_10.wav
9,theo,42,9_theo_42.wav
6,nicolas,11,6_nicolas_11.wav
6,jackson,46,6_jackson_46.wav
9,yweweler,35,9_yweweler_35.wav
7,jackson,2,7_jackson_2.wav
4,george,6,4_george_6.wav
9,yweweler,21,9_yweweler_21.wav
7,theo,2,7_theo_2.wav
0,yweweler,42,0_yweweler_42.wav
1,jackson,45,1_jackson_45.wav
1,nicolas,12,1_nicolas_12.wav
0,theo,41,0_theo_41.wav
5,jackson,18,5_jackson_18.wav
9,nicolas,13,9_nicolas_13.wav
9,jackson,44,9_jackson_44.wav
4,nicolas,0,4_nicolas_0.wav
5,jackson,24,5_jackson_24.wav
4,jackson,7,4_jackson_7.wav
1,lucas,44,1_lucas_44.wav
5,jackson,30,5_jackson_30.wav
3,yweweler,13,3_yweweler_13.wav
1,lucas,2,1_lucas_2.wav
2,george,43,2_george_43.wav
4,yweweler,17,4_yweweler_17.wav
5,jackson,9,5_jackson_9.wav
3,george,6,3_george_6.wav
4,yweweler,15,4_yweweler_15.wav
3,yweweler,39,3_yweweler_39.wav
3,george,4,3_george_4.wav
1,lucas,0,1_lucas_0.wav
4,yweweler,29,4_yweweler_29.wav
3,yweweler,11,3_yweweler_11.wav
2,george,41,2_george_41.wav
1,lucas,46,1_lucas_46.wav
4,jackson,5,4_jackson_5.wav
5,jackson,26,5_jackson_26.wav
9,nicolas,39,9_nicolas_39.wav
1,nicolas,38,1_nicolas_38.wav
5,jackson,32,5_jackson_32.wav
1,nicolas,10,1_nicolas_10.wav
1,jackson,47,1_jackson_47.wav
0,theo,43,0_theo_43.wav
4,nicolas,2,4_nicolas_2.wav
9,jackson,46,9_jackson_46.wav
9,nicolas,11,9_nicolas_11.wav
7,jackson,0,7_jackson_0.wav
2,jackson,19,2_jackson_19.wav
9,yweweler,37,9_yweweler_37.wav
6,jackson,44,6_jackson_44.wav
6,nicolas,13,6_nicolas_13.wav
9,lucas,12,9_lucas_12.wav
9,theo,40,9_theo_40.wav
0,yweweler,40,0_yweweler_40.wav
4,theo,28,4_theo_28.wav
9,yweweler,23,9_yweweler_23.wav
7,theo,0,7_theo_0.wav
4,george,4,4_george_4.wav
2,jackson,25,2_jackson_25.wav
7,yweweler,44,7_yweweler_44.wav
7,nicolas,7,7_nicolas_7.wav
4,theo,14,4_theo_14.wav
2,jackson,31,2_jackson_31.wav
8,lucas,3,8_lucas_3.wav
6,lucas,46,6_lucas_46.wav
3,theo,30,3_theo_30.wav
3,theo,24,3_theo_24.wav
6,nicolas,9,6_nicolas_9.wav
3,theo,18,3_theo_18.wav
1,george,44,1_george_44.wav
8,george,32,8_george_32.wav
4,lucas,49,4_lucas_49.wav
2,george,3,2_george_3.wav
2,yweweler,48,2_yweweler_48.wav
8,george,26,8_george_26.wav
6,george,40,6_george_40.wav
6,theo,35,6_theo_35.wav
6,theo,21,6_theo_21.wav
9,george,28,9_george_28.wav
8,nicolas,15,8_nicolas_15.wav
8,jackson,42,8_jackson_42.wav
0,jackson,4,0_jackson_4.wav
1,theo,11,1_theo_11.wav
4,nicolas,49,4_nicolas_49.wav
0,jackson,43,0_jackson_43.wav
0,nicolas,14,0_nicolas_14.wav
0,lucas,41,0_lucas_41.wav
0,nicolas,3,0_nicolas_3.wav
9,george,14,9_george_14.wav
8,nicolas,29,8_nicolas_29.wav
1,theo,39,1_theo_39.wav
4,jackson,36,4_jackson_36.wav
4,jackson,22,4_jackson_22.wav
0,nicolas,28,0_nicolas_28.wav
3,lucas,9,3_lucas_9.wav
3,lucas,49,3_lucas_49.wav
8,yweweler,46,8_yweweler_46.wav
5,george,3,5_george_3.wav
5,theo,46,5_theo_46.wav
1,yweweler,25,1_yweweler_25.wav
3,jackson,35,3_jackson_35.wav
3,jackson,21,3_jackson_21.wav
3,jackson,1,3_jackson_1.wav
8,lucas,15,8_lucas_15.wav
1,yweweler,31,1_yweweler_31.wav
3,nicolas,6,3_nicolas_6.wav
6,yweweler,21,6_yweweler_21.wav
7,yweweler,9,7_yweweler_9.wav
1,yweweler,19,1_yweweler_19.wav
8,lucas,29,8_lucas_29.wav
8,theo,12,8_theo_12.wav
6,yweweler,35,6_yweweler_35.wav
7,nicolas,17,7_nicolas_17.wav
7,jackson,40,7_jackson_40.wav
4,lucas,5,4_lucas_5.wav
7,lucas,41,7_lucas_41.wav
2,theo,5,2_theo_5.wav
5,george,45,5_george_45.wav
2,nicolas,8,2_nicolas_8.wav
2,nicolas,9,2_nicolas_9.wav
5,george,44,5_george_44.wav
7,lucas,40,7_lucas_40.wav
2,theo,4,2_theo_4.wav
4,lucas,4,4_lucas_4.wav
6,yweweler,34,6_yweweler_34.wav
8,theo,13,8_theo_13.wav
8,lucas,28,8_lucas_28.wav
7,jackson,41,7_jackson_41.wav
7,nicolas,16,7_nicolas_16.wav
3,nicolas,7,3_nicolas_7.wav
1,yweweler,18,1_yweweler_18.wav
7,yweweler,8,7_yweweler_8.wav
6,yweweler,20,6_yweweler_20.wav
1,yweweler,30,1_yweweler_30.wav
8,lucas,14,8_lucas_14.wav
3,jackson,0,3_jackson_0.wav
3,jackson,20,3_jackson_20.wav
5,george,2,5_george_2.wav
8,yweweler,47,8_yweweler_47.wav
3,lucas,48,3_lucas_48.wav
3,lucas,8,3_lucas_8.wav
3,jackson,34,3_jackson_34.wav
1,yweweler,24,1_yweweler_24.wav
5,theo,47,5_theo_47.wav
4,jackson,23,4_jackson_23.wav
0,nicolas,29,0_nicolas_29.wav
9,george,15,9_george_15.wav
0,nicolas,2,0_nicolas_2.wav
4,jackson,37,4_jackson_37.wav
1,theo,38,1_theo_38.wav
8,nicolas,28,8_nicolas_28.wav
4,nicolas,48,4_nicolas_48.wav
1,theo,10,1_theo_10.wav
0,jackson,5,0_jackson_5.wav
0,lucas,40,0_lucas_40.wav
0,nicolas,15,0_nicolas_15.wav
0,jackson,42,0_jackson_42.wav
9,george,29,9_george_29.wav
8,jackson,43,8_jackson_43.wav
8,nicolas,14,8_nicolas_14.wav
6,theo,20,6_theo_20.wav
6,theo,34,6_theo_34.wav
6,george,41,6_george_41.wav
2,yweweler,49,2_yweweler_49.wav
8,george,27,8_george_27.wav
8,george,33,8_george_33.wav
2,george,2,2_george_2.wav
4,lucas,48,4_lucas_48.wav
3,theo,19,3_theo_19.wav
1,george,45,1_george_45.wav
6,nicolas,8,6_nicolas_8.wav
3,theo,25,3_theo_25.wav
8,lucas,2,8_lucas_2.wav
3,theo,31,3_theo_31.wav
6,lucas,47,6_lucas_47.wav
4,theo,15,4_theo_15.wav
7,nicolas,6,7_nicolas_6.wav
7,yweweler,45,7_yweweler_45.wav
2,jackson,30,2_jackson_30.wav
2,jackson,24,2_jackson_24.wav
4,theo,29,4_theo_29.wav
0,yweweler,41,0_yweweler_41.wav
4,george,5,4_george_5.wav
7,theo,1,7_theo_1.wav
9,yweweler,22,9_yweweler_22.wav
9,yweweler,36,9_yweweler_36.wav
2,jackson,18,2_jackson_18.wav
7,jackson,1,7_jackson_1.wav
9,theo,41,9_theo_41.wav
9,lucas,13,9_lucas_13.wav
6,nicolas,12,6_nicolas_12.wav
6,jackson,45,6_jackson_45.wav
4,nicolas,3,4_nicolas_3.wav
9,nicolas,10,9_nicolas_10.wav
9,jackson,47,9_jackson_47.wav
0,theo,42,0_theo_42.wav
1,jackson,46,1_jackson_46.wav
1,nicolas,11,1_nicolas_11.wav
1,nicolas,39,1_nicolas_39.wav
5,jackson,33,5_jackson_33.wav
9,nicolas,38,9_nicolas_38.wav
5,jackson,27,5_jackson_27.wav
4,jackson,4,4_jackson_4.wav
1,lucas,47,1_lucas_47.wav
2,george,40,2_george_40.wav
1,lucas,1,1_lucas_1.wav
3,yweweler,10,3_yweweler_10.wav
4,yweweler,28,4_yweweler_28.wav
3,george,5,3_george_5.wav
3,yweweler,38,3_yweweler_38.wav
4,yweweler,14,4_yweweler_14.wav
8,george,2,8_george_2.wav
2,george,33,2_george_33.wav
7,theo,29,7_theo_29.wav
5,lucas,14,5_lucas_14.wav
2,george,27,2_george_27.wav
7,theo,15,7_theo_15.wav
5,lucas,28,5_lucas_28.wav
0,theo,1,0_theo_1.wav
9,jackson,34,9_jackson_34.wav
3,george,29,3_george_29.wav
0,theo,25,0_theo_25.wav
1,jackson,21,1_jackson_21.wav
0,theo,31,0_theo_31.wav
1,jackson,35,1_jackson_35.wav
9,jackson,20,9_jackson_20.wav
3,george,15,3_george_15.wav
1,lucas,20,1_lucas_20.wav
5,nicolas,17,5_nicolas_17.wav
5,jackson,40,5_jackson_40.wav
0,theo,19,0_theo_19.wav
5,yweweler,9,5_yweweler_9.wav
1,lucas,34,1_lucas_34.wav
2,jackson,43,2_jackson_43.wav
2,nicolas,14,2_nicolas_14.wav
6,nicolas,49,6_nicolas_49.wav
7,yweweler,36,7_yweweler_36.wav
9,lucas,48,9_lucas_48.wav
9,jackson,0,9_jackson_0.wav
7,yweweler,22,7_yweweler_22.wav
2,lucas,14,2_lucas_14.wav
0,george,38,0_george_38.wav
9,nicolas,7,9_nicolas_7.wav
2,nicolas,28,2_nicolas_28.wav
0,george,10,0_george_10.wav
9,theo,26,9_theo_26.wav
0,yweweler,32,0_yweweler_32.wav
6,jackson,22,6_jackson_22.wav
6,jackson,36,6_jackson_36.wav
9,theo,32,9_theo_32.wav
0,yweweler,26,0_yweweler_26.wav
9,yweweler,45,9_yweweler_45.wav
2,lucas,28,2_lucas_28.wav
2,lucas,1,2_lucas_1.wav
1,george,36,1_george_36.wav
1,george,22,1_george_22.wav
8,theo,7,8_theo_7.wav
6,lucas,20,6_lucas_20.wav
6,lucas,34,6_lucas_34.wav
3,theo,42,3_theo_42.wav
8,nicolas,9,8_nicolas_9.wav
6,george,26,6_george_26.wav
4,lucas,13,4_lucas_13.wav
2,yweweler,12,2_yweweler_12.wav
6,george,32,6_george_32.wav
6,theo,47,6_theo_47.wav
9,george,5,9_george_5.wav
0,lucas,8,0_lucas_8.wav
5,yweweler,16,5_yweweler_16.wav
8,george,40,8_george_40.wav
8,jackson,18,8_jackson_18.wav
4,jackson,44,4_jackson_44.wav
4,nicolas,13,4_nicolas_13.wav
7,george,28,7_george_28.wav
0,jackson,19,0_jackson_19.wav
7,lucas,4,7_lucas_4.wav
0,lucas,33,0_lucas_33.wav
0,jackson,31,0_jackson_31.wav
8,jackson,24,8_jackson_24.wav
7,george,14,7_george_14.wav
8,jackson,30,8_jackson_30.wav
0,lucas,27,0_lucas_27.wav
5,theo,4,5_theo_4.wav
0,jackson,25,0_jackson_25.wav
7,jackson,32,7_jackson_32.wav
3,lucas,13,3_lucas_13.wav
6,yweweler,47,6_yweweler_47.wav
3,nicolas,38,3_nicolas_38.wav
4,george,39,4_george_39.wav
7,jackson,26,7_jackson_26.wav
8,yweweler,20,8_yweweler_20.wav
5,theo,20,5_theo_20.wav
1,yweweler,43,1_yweweler_43.wav
8,theo,48,8_theo_48.wav
5,theo,34,5_theo_34.wav
3,nicolas,10,3_nicolas_10.wav
3,jackson,47,3_jackson_47.wav
4,george,11,4_george_11.wav
8,yweweler,34,8_yweweler_34.wav
2,theo,10,2_theo_10.wav
5,george,23,5_george_23.wav
5,george,37,5_george_37.wav
7,lucas,33,7_lucas_33.wav
2,theo,38,2_theo_38.wav
7,lucas,27,7_lucas_27.wav
7,lucas,26,7_lucas_26.wav
2,theo,39,2_theo_39.wav
7,lucas,32,7_lucas_32.wav
5,george,36,5_george_36.wav
5,george,22,5_george_22.wav
2,theo,11,2_theo_11.wav
4,george,10,4_george_10.wav
3,jackson,46,3_jackson_46.wav
3,nicolas,11,3_nicolas_11.wav
5,theo,35,5_theo_35.wav
8,theo,49,8_theo_49.wav
8,yweweler,35,8_yweweler_35.wav
8,yweweler,21,8_yweweler_21.wav
1,yweweler,42,1_yweweler_42.wav
5,theo,21,5_theo_21.wav
7,jackson,27,7_jackson_27.wav
3,lucas,12,3_lucas_12.wav
7,jackson,33,7_jackson_33.wav
4,george,38,4_george_38.wav
3,nicolas,39,3_nicolas_39.wav
6,yweweler,46,6_yweweler_46.wav
8,jackson,31,8_jackson_31.wav
7,george,15,7_george_15.wav
5,theo,5,5_theo_5.wav
0,jackson,24,0_jackson_24.wav
0,lucas,26,0_lucas_26.wav
0,jackson,30,0_jackson_30.wav
0,lucas,32,0_lucas_32.wav
8,jackson,25,8_jackson_25.wav
7,george,29,7_george_29.wav
4,nicolas,12,4_nicolas_12.wav
4,jackson,45,4_jackson_45.wav
7,lucas,5,7_lucas_5.wav
0,jackson,18,0_jackson_18.wav
8,jackson,19,8_jackson_19.wav
5,yweweler,17,5_yweweler_17.wav
8,george,41,8_george_41.wav
6,theo,46,6_theo_46.wav
6,george,33,6_george_33.wav
2,yweweler,13,2_yweweler_13.wav
0,lucas,9,0_lucas_9.wav
9,george,4,9_george_4.wav
4,lucas,12,4_lucas_12.wav
6,george,27,6_george_27.wav
3,theo,43,3_theo_43.wav
6,lucas,35,6_lucas_35.wav
8,nicolas,8,8_nicolas_8.wav
8,theo,6,8_theo_6.wav
6,lucas,21,6_lucas_21.wav
1,george,23,1_george_23.wav
1,george,37,1_george_37.wav
0,yweweler,27,0_yweweler_27.wav
9,theo,33,9_theo_33.wav
6,jackson,37,6_jackson_37.wav
2,lucas,0,2_lucas_0.wav
2,lucas,29,2_lucas_29.wav
9,yweweler,44,9_yweweler_44.wav
0,george,11,0_george_11.wav
9,nicolas,6,9_nicolas_6.wav
2,nicolas,29,2_nicolas_29.wav
6,jackson,23,6_jackson_23.wav
0,yweweler,33,0_yweweler_33.wav
9,theo,27,9_theo_27.wav
7,yweweler,23,7_yweweler_23.wav
9,jackson,1,9_jackson_1.wav
0,george,39,0_george_39.wav
2,lucas,15,2_lucas_15.wav
2,nicolas,15,2_nicolas_15.wav
2,jackson,42,2_jackson_42.wav
9,lucas,49,9_lucas_49.wav
7,yweweler,37,7_yweweler_37.wav
6,nicolas,48,6_nicolas_48.wav
5,yweweler,8,5_yweweler_8.wav
1,lucas,35,1_lucas_35.wav
5,jackson,41,5_jackson_41.wav
5,nicolas,16,5_nicolas_16.wav
1,lucas,21,1_lucas_21.wav
3,george,14,3_george_14.wav
0,theo,18,0_theo_18.wav
1,jackson,34,1_jackson_34.wav
0,theo,30,0_theo_30.wav
9,jackson,21,9_jackson_21.wav
3,george,28,3_george_28.wav
9,jackson,35,9_jackson_35.wav
1,jackson,20,1_jackson_20.wav
0,theo,24,0_theo_24.wav
5,lucas,29,5_lucas_29.wav
0,theo,0,0_theo_0.wav
7,theo,14,7_theo_14.wav
5,lucas,15,5_lucas_15.wav
2,george,26,2_george_26.wav
2,george,32,2_george_32.wav
8,george,3,8_george_3.wav
7,theo,28,7_theo_28.wav
2,george,24,2_george_24.wav
5,lucas,17,5_lucas_17.wav
8,george,1,8_george_1.wav
2,george,30,2_george_30.wav
2,george,18,2_george_18.wav
0,theo,2,0_theo_2.wav
7,theo,16,7_theo_16.wav
3,yweweler,48,3_yweweler_48.wav
9,jackson,23,9_jackson_23.wav
1,jackson,36,1_jackson_36.wav
0,theo,32,0_theo_32.wav
1,jackson,22,1_jackson_22.wav
0,theo,26,0_theo_26.wav
5,nicolas,28,5_nicolas_28.wav
9,jackson,37,9_jackson_37.wav
1,lucas,37,1_lucas_37.wav
9,nicolas,48,9_nicolas_48.wav
1,nicolas,49,1_nicolas_49.wav
3,george,16,3_george_16.wav
1,lucas,23,1_lucas_23.wav
5,nicolas,14,5_nicolas_14.wav
5,jackson,43,5_jackson_43.wav
2,lucas,17,2_lucas_17.wav
2,yweweler,9,2_yweweler_9.wav
9,jackson,3,9_jackson_3.wav
0,yweweler,19,0_yweweler_19.wav
7,yweweler,21,7_yweweler_21.wav
7,yweweler,35,7_yweweler_35.wav
9,theo,19,9_theo_19.wav
2,jackson,40,2_jackson_40.wav
2,nicolas,17,2_nicolas_17.wav
9,yweweler,46,9_yweweler_46.wav
2,lucas,2,2_lucas_2.wav
6,jackson,35,6_jackson_35.wav
9,theo,31,9_theo_31.wav
0,yweweler,25,0_yweweler_25.wav
9,theo,25,9_theo_25.wav
0,yweweler,31,0_yweweler_31.wav
6,jackson,21,6_jackson_21.wav
9,nicolas,4,9_nicolas_4.wav
0,george,13,0_george_13.wav
1,george,21,1_george_21.wav
1,george,35,1_george_35.wav
6,lucas,37,6_lucas_37.wav
3,theo,41,3_theo_41.wav
6,lucas,23,6_lucas_23.wav
8,theo,4,8_theo_4.wav
9,george,6,9_george_6.wav
2,yweweler,11,2_yweweler_11.wav
6,george,31,6_george_31.wav
6,theo,44,6_theo_44.wav
5,yweweler,29,5_yweweler_29.wav
6,george,25,6_george_25.wav
4,lucas,10,4_lucas_10.wav
8,george,43,8_george_43.wav
5,yweweler,15,5_yweweler_15.wav
4,lucas,38,4_lucas_38.wav
2,yweweler,39,2_yweweler_39.wav
6,george,19,6_george_19.wav
0,lucas,18,0_lucas_18.wav
7,lucas,7,7_lucas_7.wav
1,theo,48,1_theo_48.wav
4,jackson,47,4_jackson_47.wav
4,nicolas,10,4_nicolas_10.wav
0,lucas,24,0_lucas_24.wav
0,jackson,26,0_jackson_26.wav
5,theo,7,5_theo_7.wav
7,george,17,7_george_17.wav
8,jackson,33,8_jackson_33.wav
8,jackson,27,8_jackson_27.wav
4,nicolas,38,4_nicolas_38.wav
0,lucas,30,0_lucas_30.wav
0,jackson,32,0_jackson_32.wav
7,jackson,25,7_jackson_25.wav
6,yweweler,44,6_yweweler_44.wav
7,jackson,31,7_jackson_31.wav
3,lucas,10,3_lucas_10.wav
7,jackson,19,7_jackson_19.wav
3,lucas,38,3_lucas_38.wav
8,yweweler,37,8_yweweler_37.wav
5,theo,37,5_theo_37.wav
3,nicolas,13,3_nicolas_13.wav
3,jackson,44,3_jackson_44.wav
4,george,12,4_george_12.wav
5,theo,23,5_theo_23.wav
1,yweweler,40,1_yweweler_40.wav
6,theo,9,6_theo_9.wav
8,yweweler,23,8_yweweler_23.wav
7,lucas,18,7_lucas_18.wav
5,george,34,5_george_34.wav
2,theo,13,2_theo_13.wav
5,george,20,5_george_20.wav
9,lucas,8,9_lucas_8.wav
7,lucas,24,7_lucas_24.wav
7,lucas,30,7_lucas_30.wav
7,lucas,31,7_lucas_31.wav
9,lucas,9,9_lucas_9.wav
7,lucas,25,7_lucas_25.wav
5,george,21,5_george_21.wav
2,theo,12,2_theo_12.wav
5,george,35,5_george_35.wav
7,lucas,19,7_lucas_19.wav
1,yweweler,41,1_yweweler_41.wav
5,theo,22,5_theo_22.wav
8,yweweler,22,8_yweweler_22.wav
6,theo,8,6_theo_8.wav
8,yweweler,36,8_yweweler_36.wav
3,lucas,39,3_lucas_39.wav
7,jackson,18,7_jackson_18.wav
4,george,13,4_george_13.wav
3,jackson,45,3_jackson_45.wav
3,nicolas,12,3_nicolas_12.wav
5,theo,36,5_theo_36.wav
6,yweweler,45,6_yweweler_45.wav
3,lucas,11,3_lucas_11.wav
7,jackson,30,7_jackson_30.wav
7,jackson,24,7_jackson_24.wav
4,nicolas,39,4_nicolas_39.wav
8,jackson,26,8_jackson_26.wav
0,jackson,33,0_jackson_33.wav
0,lucas,31,0_lucas_31.wav
0,jackson,27,0_jackson_27.wav
5,theo,6,5_theo_6.wav
0,lucas,25,0_lucas_25.wav
8,jackson,32,8_jackson_32.wav
7,george,16,7_george_16.wav
7,lucas,6,7_lucas_6.wav
0,lucas,19,0_lucas_19.wav
4,nicolas,11,4_nicolas_11.wav
4,jackson,46,4_jackson_46.wav
1,theo,49,1_theo_49.wav
6,george,18,6_george_18.wav
2,yweweler,38,2_yweweler_38.wav
8,george,42,8_george_42.wav
4,lucas,39,4_lucas_39.wav
5,yweweler,14,5_yweweler_14.wav
4,lucas,11,4_lucas_11.wav
6,george,24,6_george_24.wav
9,george,7,9_george_7.wav
5,yweweler,28,5_yweweler_28.wav
6,theo,45,6_theo_45.wav
6,george,30,6_george_30.wav
2,yweweler,10,2_yweweler_10.wav
6,lucas,22,6_lucas_22.wav
8,theo,5,8_theo_5.wav
3,theo,40,3_theo_40.wav
6,lucas,36,6_lucas_36.wav
1,george,34,1_george_34.wav
1,george,20,1_george_20.wav
6,jackson,20,6_jackson_20.wav
0,yweweler,30,0_yweweler_30.wav
9,theo,24,9_theo_24.wav
0,george,12,0_george_12.wav
9,nicolas,5,9_nicolas_5.wav
2,lucas,3,2_lucas_3.wav
9,yweweler,47,9_yweweler_47.wav
0,yweweler,24,0_yweweler_24.wav
9,theo,30,9_theo_30.wav
6,jackson,34,6_jackson_34.wav
9,theo,18,9_theo_18.wav
7,yweweler,34,7_yweweler_34.wav
2,nicolas,16,2_nicolas_16.wav
2,jackson,41,2_jackson_41.wav
2,lucas,16,2_lucas_16.wav
7,yweweler,20,7_yweweler_20.wav
0,yweweler,18,0_yweweler_18.wav
9,jackson,2,9_jackson_2.wav
2,yweweler,8,2_yweweler_8.wav
1,nicolas,48,1_nicolas_48.wav
5,jackson,42,5_jackson_42.wav
5,nicolas,15,5_nicolas_15.wav
1,lucas,22,1_lucas_22.wav
3,george,17,3_george_17.wav
9,nicolas,49,9_nicolas_49.wav
1,lucas,36,1_lucas_36.wav
0,theo,27,0_theo_27.wav
1,jackson,23,1_jackson_23.wav
9,jackson,36,9_jackson_36.wav
5,nicolas,29,5_nicolas_29.wav
9,jackson,22,9_jackson_22.wav
0,theo,33,0_theo_33.wav
1,jackson,37,1_jackson_37.wav
3,yweweler,49,3_yweweler_49.wav
7,theo,17,7_theo_17.wav
0,theo,3,0_theo_3.wav
2,george,19,2_george_19.wav
2,george,31,2_george_31.wav
8,george,0,8_george_0.wav
2,george,25,2_george_25.wav
5,lucas,16,5_lucas_16.wav
0,theo,7,0_theo_7.wav
7,theo,13,7_theo_13.wav
5,lucas,12,5_lucas_12.wav
2,george,21,2_george_21.wav
8,george,4,8_george_4.wav
2,george,35,2_george_35.wav
4,yweweler,49,4_yweweler_49.wav
1,lucas,32,1_lucas_32.wav
3,george,13,3_george_13.wav
1,lucas,26,1_lucas_26.wav
5,nicolas,11,5_nicolas_11.wav
5,jackson,46,5_jackson_46.wav
1,jackson,33,1_jackson_33.wav
0,theo,37,0_theo_37.wav
9,jackson,26,9_jackson_26.wav
5,nicolas,39,5_nicolas_39.wav
9,jackson,32,9_jackson_32.wav
1,jackson,27,1_jackson_27.wav
0,theo,23,0_theo_23.wav
6,jackson,30,6_jackson_30.wav
7,yweweler,18,7_yweweler_18.wav
0,yweweler,20,0_yweweler_20.wav
4,theo,48,4_theo_48.wav
9,theo,34,9_theo_34.wav
2,lucas,7,2_lucas_7.wav
9,yweweler,43,9_yweweler_43.wav
9,nicolas,1,9_nicolas_1.wav
0,george,16,0_george_16.wav
0,yweweler,34,0_yweweler_34.wav
9,theo,20,9_theo_20.wav
6,jackson,24,6_jackson_24.wav
9,jackson,6,9_jackson_6.wav
7,yweweler,24,7_yweweler_24.wav
2,lucas,12,2_lucas_12.wav
2,jackson,45,2_jackson_45.wav
2,nicolas,12,2_nicolas_12.wav
7,yweweler,30,7_yweweler_30.wav
6,jackson,18,6_jackson_18.wav
6,lucas,32,6_lucas_32.wav
3,theo,44,3_theo_44.wav
1,george,18,1_george_18.wav
3,theo,9,3_theo_9.wav
8,theo,1,8_theo_1.wav
6,lucas,26,6_lucas_26.wav
1,george,24,1_george_24.wav
1,george,30,1_george_30.wav
8,jackson,8,8_jackson_8.wav
5,yweweler,10,5_yweweler_10.wav
2,yweweler,28,2_yweweler_28.wav
8,george,46,8_george_46.wav
4,lucas,29,4_lucas_29.wav
2,yweweler,14,2_yweweler_14.wav
6,george,34,6_george_34.wav
6,theo,41,6_theo_41.wav
9,george,3,9_george_3.wav
6,george,20,6_george_20.wav
4,lucas,15,4_lucas_15.wav
5,yweweler,38,5_yweweler_38.wav
7,george,12,7_george_12.wav
4,nicolas,29,4_nicolas_29.wav
8,jackson,36,8_jackson_36.wav
5,theo,2,5_theo_2.wav
0,jackson,23,0_jackson_23.wav
0,lucas,21,0_lucas_21.wav
0,jackson,37,0_jackson_37.wav
0,lucas,35,0_lucas_35.wav
9,george,48,9_george_48.wav
8,jackson,22,8_jackson_22.wav
4,jackson,42,4_jackson_42.wav
4,nicolas,15,4_nicolas_15.wav
0,nicolas,48,0_nicolas_48.wav
7,lucas,2,7_lucas_2.wav
8,nicolas,49,8_nicolas_49.wav
5,theo,32,5_theo_32.wav
3,nicolas,16,3_nicolas_16.wav
3,jackson,41,3_jackson_41.wav
4,george,17,4_george_17.wav
8,yweweler,32,8_yweweler_32.wav
3,yweweler,8,3_yweweler_8.wav
3,lucas,29,3_lucas_29.wav
8,yweweler,26,8_yweweler_26.wav
5,theo,26,5_theo_26.wav
1,yweweler,45,1_yweweler_45.wav
8,lucas,49,8_lucas_49.wav
7,jackson,20,7_jackson_20.wav
3,lucas,15,3_lucas_15.wav
7,jackson,34,7_jackson_34.wav
6,yweweler,41,6_yweweler_41.wav
7,lucas,21,7_lucas_21.wav
5,george,19,5_george_19.wav
7,lucas,35,7_lucas_35.wav
5,george,31,5_george_31.wav
2,theo,16,2_theo_16.wav
5,george,25,5_george_25.wav
5,george,24,5_george_24.wav
2,theo,17,2_theo_17.wav
5,george,30,5_george_30.wav
7,lucas,34,7_lucas_34.wav
5,george,18,5_george_18.wav
7,lucas,20,7_lucas_20.wav
7,jackson,35,7_jackson_35.wav
3,lucas,14,3_lucas_14.wav
6,yweweler,40,6_yweweler_40.wav
8,lucas,48,8_lucas_48.wav
7,jackson,21,7_jackson_21.wav
8,yweweler,27,8_yweweler_27.wav
3,lucas,28,3_lucas_28.wav
3,yweweler,9,3_yweweler_9.wav
1,yweweler,44,1_yweweler_44.wav
5,theo,27,5_theo_27.wav
4,george,16,4_george_16.wav
3,jackson,40,3_jackson_40.wav
3,nicolas,17,3_nicolas_17.wav
5,theo,33,5_theo_33.wav
8,yweweler,33,8_yweweler_33.wav
8,nicolas,48,8_nicolas_48.wav
4,nicolas,14,4_nicolas_14.wav
4,jackson,43,4_jackson_43.wav
7,lucas,3,7_lucas_3.wav
0,nicolas,49,0_nicolas_49.wav
9,george,49,9_george_49.wav
0,lucas,34,0_lucas_34.wav
0,jackson,36,0_jackson_36.wav
8,jackson,23,8_jackson_23.wav
8,jackson,37,8_jackson_37.wav
4,nicolas,28,4_nicolas_28.wav
7,george,13,7_george_13.wav
0,lucas,20,0_lucas_20.wav
5,theo,3,5_theo_3.wav
0,jackson,22,0_jackson_22.wav
5,yweweler,39,5_yweweler_39.wav
4,lucas,14,4_lucas_14.wav
6,george,21,6_george_21.wav
6,theo,40,6_theo_40.wav
6,george,35,6_george_35.wav
2,yweweler,15,2_yweweler_15.wav
9,george,2,9_george_2.wav
4,lucas,28,4_lucas_28.wav
2,yweweler,29,2_yweweler_29.wav
5,yweweler,11,5_yweweler_11.wav
8,george,47,8_george_47.wav
1,george,31,1_george_31.wav
8,jackson,9,8_jackson_9.wav
1,george,25,1_george_25.wav
8,theo,0,8_theo_0.wav
3,theo,8,3_theo_8.wav
6,lucas,27,6_lucas_27.wav
3,theo,45,3_theo_45.wav
6,lucas,33,6_lucas_33.wav
1,george,19,1_george_19.wav
2,nicolas,13,2_nicolas_13.wav
2,jackson,44,2_jackson_44.wav
6,jackson,19,6_jackson_19.wav
7,yweweler,31,7_yweweler_31.wav
7,yweweler,25,7_yweweler_25.wav
9,jackson,7,9_jackson_7.wav
2,lucas,13,2_lucas_13.wav
0,george,17,0_george_17.wav
9,nicolas,0,9_nicolas_0.wav
6,jackson,25,6_jackson_25.wav
9,theo,21,9_theo_21.wav
0,yweweler,35,0_yweweler_35.wav
9,theo,35,9_theo_35.wav
4,theo,49,4_theo_49.wav
0,yweweler,21,0_yweweler_21.wav
7,yweweler,19,7_yweweler_19.wav
6,jackson,31,6_jackson_31.wav
9,yweweler,42,9_yweweler_42.wav
2,lucas,6,2_lucas_6.wav
9,jackson,33,9_jackson_33.wav
0,theo,22,0_theo_22.wav
1,jackson,26,1_jackson_26.wav
0,theo,36,0_theo_36.wav
1,jackson,32,1_jackson_32.wav
5,nicolas,38,5_nicolas_38.wav
9,jackson,27,9_jackson_27.wav
5,jackson,47,5_jackson_47.wav
5,nicolas,10,5_nicolas_10.wav
1,lucas,27,1_lucas_27.wav
3,george,12,3_george_12.wav
1,lucas,33,1_lucas_33.wav
2,george,34,2_george_34.wav
8,george,5,8_george_5.wav
4,yweweler,48,4_yweweler_48.wav
5,lucas,13,5_lucas_13.wav
2,george,20,2_george_20.wav
7,theo,12,7_theo_12.wav
0,theo,6,0_theo_6.wav
5,lucas,39,5_lucas_39.wav
7,theo,10,7_theo_10.wav
0,theo,4,0_theo_4.wav
8,george,7,8_george_7.wav
2,george,36,2_george_36.wav
2,george,22,2_george_22.wav
5,lucas,11,5_lucas_11.wav
7,theo,38,7_theo_38.wav
1,jackson,18,1_jackson_18.wav
3,george,10,3_george_10.wav
1,lucas,25,1_lucas_25.wav
5,nicolas,12,5_nicolas_12.wav
5,jackson,45,5_jackson_45.wav
1,lucas,31,1_lucas_31.wav
9,jackson,19,9_jackson_19.wav
0,theo,20,0_theo_20.wav
1,jackson,24,1_jackson_24.wav
1,lucas,19,1_lucas_19.wav
9,jackson,31,9_jackson_31.wav
3,george,38,3_george_38.wav
9,jackson,25,9_jackson_25.wav
0,theo,34,0_theo_34.wav
1,jackson,30,1_jackson_30.wav
0,yweweler,37,0_yweweler_37.wav
9,theo,23,9_theo_23.wav
6,jackson,27,6_jackson_27.wav
9,nicolas,2,9_nicolas_2.wav
2,lucas,39,2_lucas_39.wav
0,george,15,0_george_15.wav
2,nicolas,39,2_nicolas_39.wav
2,lucas,4,2_lucas_4.wav
9,yweweler,40,9_yweweler_40.wav
6,jackson,33,6_jackson_33.wav
0,yweweler,23,0_yweweler_23.wav
9,theo,37,9_theo_37.wav
7,yweweler,33,7_yweweler_33.wav
0,george,29,0_george_29.wav
2,jackson,46,2_jackson_46.wav
2,nicolas,11,2_nicolas_11.wav
2,lucas,11,2_lucas_11.wav
9,jackson,5,9_jackson_5.wav
7,yweweler,27,7_yweweler_27.wav
6,lucas,25,6_lucas_25.wav
8,theo,2,8_theo_2.wav
5,lucas,8,5_lucas_8.wav
6,lucas,31,6_lucas_31.wav
3,theo,47,3_theo_47.wav
6,lucas,19,6_lucas_19.wav
1,george,33,1_george_33.wav
1,george,27,1_george_27.wav
8,george,45,8_george_45.wav
5,yweweler,13,5_yweweler_13.wav
6,george,23,6_george_23.wav
4,lucas,16,4_lucas_16.wav
9,george,0,9_george_0.wav
2,yweweler,17,2_yweweler_17.wav
6,george,37,6_george_37.wav
6,theo,42,6_theo_42.wav
8,jackson,21,8_jackson_21.wav
0,jackson,34,0_jackson_34.wav
0,lucas,36,0_lucas_36.wav
0,jackson,20,0_jackson_20.wav
5,theo,1,5_theo_1.wav
0,lucas,22,0_lucas_22.wav
7,george,11,7_george_11.wav
8,jackson,35,8_jackson_35.wav
7,george,39,7_george_39.wav
4,yweweler,8,4_yweweler_8.wav
7,lucas,1,7_lucas_1.wav
4,jackson,41,4_jackson_41.wav
4,nicolas,16,4_nicolas_16.wav
5,theo,25,5_theo_25.wav
1,yweweler,46,1_yweweler_46.wav
8,yweweler,25,8_yweweler_25.wav
7,nicolas,48,7_nicolas_48.wav
8,yweweler,31,8_yweweler_31.wav
5,theo,31,5_theo_31.wav
3,nicolas,15,3_nicolas_15.wav
3,jackson,42,3_jackson_42.wav
4,george,14,4_george_14.wav
5,theo,19,5_theo_19.wav
6,yweweler,42,6_yweweler_42.wav
3,lucas,16,3_lucas_16.wav
7,jackson,37,7_jackson_37.wav
8,yweweler,19,8_yweweler_19.wav
7,jackson,23,7_jackson_23.wav
3,nicolas,29,3_nicolas_29.wav
4,george,28,4_george_28.wav
7,lucas,36,7_lucas_36.wav
2,theo,29,2_theo_29.wav
7,lucas,22,7_lucas_22.wav
2,theo,15,2_theo_15.wav
5,george,26,5_george_26.wav
5,george,32,5_george_32.wav
5,george,33,5_george_33.wav
5,george,27,5_george_27.wav
2,theo,14,2_theo_14.wav
7,lucas,23,7_lucas_23.wav
2,theo,28,2_theo_28.wav
7,lucas,37,7_lucas_37.wav
7,jackson,22,7_jackson_22.wav
4,george,29,4_george_29.wav
3,nicolas,28,3_nicolas_28.wav
6,yweweler,43,6_yweweler_43.wav
5,theo,18,5_theo_18.wav
8,yweweler,18,8_yweweler_18.wav
7,jackson,36,7_jackson_36.wav
3,lucas,17,3_lucas_17.wav
8,yweweler,30,8_yweweler_30.wav
7,nicolas,49,7_nicolas_49.wav
4,george,15,4_george_15.wav
3,jackson,43,3_jackson_43.wav
3,nicolas,14,3_nicolas_14.wav
5,theo,30,5_theo_30.wav
1,yweweler,47,1_yweweler_47.wav
5,theo,24,5_theo_24.wav
8,yweweler,24,8_yweweler_24.wav
7,lucas,0,7_lucas_0.wav
4,nicolas,17,4_nicolas_17.wav
4,jackson,40,4_jackson_40.wav
7,george,38,7_george_38.wav
4,yweweler,9,4_yweweler_9.wav
0,lucas,23,0_lucas_23.wav
0,jackson,21,0_jackson_21.wav
5,theo,0,5_theo_0.wav
8,jackson,34,8_jackson_34.wav
7,george,10,7_george_10.wav
8,jackson,20,8_jackson_20.wav
0,lucas,37,0_lucas_37.wav
0,jackson,35,0_jackson_35.wav
9,george,1,9_george_1.wav
6,theo,43,6_theo_43.wav
6,george,36,6_george_36.wav
2,yweweler,16,2_yweweler_16.wav
4,lucas,17,4_lucas_17.wav
6,george,22,6_george_22.wav
8,george,44,8_george_44.wav
5,yweweler,12,5_yweweler_12.wav
1,george,26,1_george_26.wav
6,lucas,18,6_lucas_18.wav
1,george,32,1_george_32.wav
5,lucas,9,5_lucas_9.wav
3,theo,46,3_theo_46.wav
6,lucas,30,6_lucas_30.wav
6,lucas,24,6_lucas_24.wav
8,theo,3,8_theo_3.wav
2,lucas,10,2_lucas_10.wav
7,yweweler,26,7_yweweler_26.wav
9,jackson,4,9_jackson_4.wav
7,yweweler,32,7_yweweler_32.wav
2,nicolas,10,2_nicolas_10.wav
2,jackson,47,2_jackson_47.wav
0,george,28,0_george_28.wav
9,yweweler,41,9_yweweler_41.wav
2,lucas,5,2_lucas_5.wav
2,nicolas,38,2_nicolas_38.wav
9,theo,36,9_theo_36.wav
0,yweweler,22,0_yweweler_22.wav
6,jackson,32,6_jackson_32.wav
6,jackson,26,6_jackson_26.wav
9,theo,22,9_theo_22.wav
0,yweweler,36,0_yweweler_36.wav
0,george,14,0_george_14.wav
2,lucas,38,2_lucas_38.wav
9,nicolas,3,9_nicolas_3.wav
9,jackson,24,9_jackson_24.wav
3,george,39,3_george_39.wav
1,jackson,31,1_jackson_31.wav
0,theo,35,0_theo_35.wav
1,jackson,25,1_jackson_25.wav
0,theo,21,0_theo_21.wav
9,jackson,30,9_jackson_30.wav
1,lucas,18,1_lucas_18.wav
9,jackson,18,9_jackson_18.wav
1,lucas,30,1_lucas_30.wav
1,jackson,19,1_jackson_19.wav
5,jackson,44,5_jackson_44.wav
5,nicolas,13,5_nicolas_13.wav
1,lucas,24,1_lucas_24.wav
3,george,11,3_george_11.wav
2,george,23,2_george_23.wav
7,theo,39,7_theo_39.wav
5,lucas,10,5_lucas_10.wav
2,george,37,2_george_37.wav
8,george,6,8_george_6.wav
0,theo,5,0_theo_5.wav
7,theo,11,7_theo_11.wav
5,lucas,38,5_lucas_38.wav
2,george,12,2_george_12.wav
0,theo,8,0_theo_8.wav
5,lucas,21,5_lucas_21.wav
3,yweweler,42,3_yweweler_42.wav
5,lucas,35,5_lucas_35.wav
7,theo,34,7_theo_34.wav
7,theo,20,7_theo_20.wav
4,yweweler,46,4_yweweler_46.wav
9,jackson,15,9_jackson_15.wav
9,nicolas,42,9_nicolas_42.wav
5,yweweler,0,5_yweweler_0.wav
0,theo,10,0_theo_10.wav
1,nicolas,43,1_nicolas_43.wav
1,jackson,14,1_jackson_14.wav
1,lucas,29,1_lucas_29.wav
5,jackson,49,5_jackson_49.wav
5,nicolas,36,5_nicolas_36.wav
9,jackson,29,9_jackson_29.wav
3,george,34,3_george_34.wav
0,theo,38,0_theo_38.wav
1,jackson,28,1_jackson_28.wav
3,george,20,3_george_20.wav
1,lucas,15,1_lucas_15.wav
5,nicolas,22,5_nicolas_22.wav
2,nicolas,35,2_nicolas_35.wav
2,lucas,21,2_lucas_21.wav
2,lucas,8,2_lucas_8.wav
4,theo,47,4_theo_47.wav
7,yweweler,17,7_yweweler_17.wav
0,george,19,0_george_19.wav
2,nicolas,21,2_nicolas_21.wav
2,lucas,35,2_lucas_35.wav
0,george,31,0_george_31.wav
2,yweweler,3,2_yweweler_3.wav
9,jackson,9,9_jackson_9.wav
0,yweweler,13,0_yweweler_13.wav
9,theo,13,9_theo_13.wav
9,lucas,41,9_lucas_41.wav
6,jackson,17,6_jackson_17.wav
6,nicolas,40,6_nicolas_40.wav
0,george,25,0_george_25.wav
8,nicolas,0,8_nicolas_0.wav
5,lucas,4,5_lucas_4.wav
1,george,17,1_george_17.wav
6,lucas,29,6_lucas_29.wav
3,theo,6,3_theo_6.wav
8,jackson,7,8_jackson_7.wav
6,lucas,15,6_lucas_15.wav
8,george,49,8_george_49.wav
2,yweweler,27,2_yweweler_27.wav
4,lucas,32,4_lucas_32.wav
6,george,13,6_george_13.wav
4,lucas,26,4_lucas_26.wav
2,yweweler,33,2_yweweler_33.wav
0,lucas,1,0_lucas_1.wav
5,yweweler,23,5_yweweler_23.wav
5,yweweler,37,5_yweweler_37.wav
8,jackson,39,8_jackson_39.wav
4,nicolas,26,4_nicolas_26.wav
4,nicolas,32,4_nicolas_32.wav
9,george,47,9_george_47.wav
0,jackson,38,0_jackson_38.wav
0,lucas,12,0_lucas_12.wav
0,jackson,10,0_jackson_10.wav
0,nicolas,47,0_nicolas_47.wav
1,theo,42,1_theo_42.wav
7,george,21,7_george_21.wav
8,nicolas,46,8_nicolas_46.wav
8,jackson,11,8_jackson_11.wav
7,george,35,7_george_35.wav
4,yweweler,4,4_yweweler_4.wav
7,nicolas,44,7_nicolas_44.wav
7,jackson,13,7_jackson_13.wav
3,lucas,32,3_lucas_32.wav
3,nicolas,19,3_nicolas_19.wav
4,george,18,4_george_18.wav
8,theo,41,8_theo_41.wav
5,theo,29,5_theo_29.wav
3,lucas,26,3_lucas_26.wav
8,yweweler,29,8_yweweler_29.wav
3,yweweler,7,3_yweweler_7.wav
6,theo,3,6_theo_3.wav
8,lucas,46,8_lucas_46.wav
3,nicolas,25,3_nicolas_25.wav
4,george,24,4_george_24.wav
3,nicolas,31,3_nicolas_31.wav
4,george,30,4_george_30.wav
5,theo,15,5_theo_15.wav
8,yweweler,15,8_yweweler_15.wav
9,lucas,2,9_lucas_2.wav
2,theo,31,2_theo_31.wav
2,theo,25,2_theo_25.wav
5,george,16,5_george_16.wav
7,lucas,12,7_lucas_12.wav
2,theo,19,2_theo_19.wav
2,theo,18,2_theo_18.wav
7,lucas,13,7_lucas_13.wav
5,george,17,5_george_17.wav
2,theo,24,2_theo_24.wav
9,lucas,3,9_lucas_3.wav
2,theo,30,2_theo_30.wav
5,theo,14,5_theo_14.wav
4,george,31,4_george_31.wav
3,nicolas,30,3_nicolas_30.wav
8,yweweler,14,8_yweweler_14.wav
4,george,25,4_george_25.wav
3,nicolas,24,3_nicolas_24.wav
8,lucas,47,8_lucas_47.wav
5,theo,28,5_theo_28.wav
6,theo,2,6_theo_2.wav
3,yweweler,6,3_yweweler_6.wav
8,yweweler,28,8_yweweler_28.wav
3,lucas,27,3_lucas_27.wav
3,lucas,33,3_lucas_33.wav
7,jackson,12,7_jackson_12.wav
7,nicolas,45,7_nicolas_45.wav
8,theo,40,8_theo_40.wav
4,george,19,4_george_19.wav
3,nicolas,18,3_nicolas_18.wav
7,george,34,7_george_34.wav
8,jackson,10,8_jackson_10.wav
8,nicolas,47,8_nicolas_47.wav
4,yweweler,5,4_yweweler_5.wav
0,nicolas,46,0_nicolas_46.wav
0,jackson,11,0_jackson_11.wav
0,lucas,13,0_lucas_13.wav
7,george,20,7_george_20.wav
1,theo,43,1_theo_43.wav
4,nicolas,33,4_nicolas_33.wav
0,jackson,39,0_jackson_39.wav
9,george,46,9_george_46.wav
4,nicolas,27,4_nicolas_27.wav
8,jackson,38,8_jackson_38.wav
5,yweweler,36,5_yweweler_36.wav
0,lucas,0,0_lucas_0.wav
5,yweweler,22,5_yweweler_22.wav
2,yweweler,32,2_yweweler_32.wav
4,lucas,27,4_lucas_27.wav
6,george,12,6_george_12.wav
8,george,48,8_george_48.wav
4,lucas,33,4_lucas_33.wav
2,yweweler,26,2_yweweler_26.wav
6,lucas,14,6_lucas_14.wav
8,jackson,6,8_jackson_6.wav
6,lucas,28,6_lucas_28.wav
3,theo,7,3_theo_7.wav
1,george,16,1_george_16.wav
5,lucas,5,5_lucas_5.wav
8,nicolas,1,8_nicolas_1.wav
6,nicolas,41,6_nicolas_41.wav
6,jackson,16,6_jackson_16.wav
9,lucas,40,9_lucas_40.wav
9,theo,12,9_theo_12.wav
0,george,24,0_george_24.wav
0,george,30,0_george_30.wav
0,yweweler,12,0_yweweler_12.wav
9,jackson,8,9_jackson_8.wav
2,yweweler,2,2_yweweler_2.wav
2,lucas,34,2_lucas_34.wav
2,nicolas,20,2_nicolas_20.wav
0,george,18,0_george_18.wav
2,lucas,9,2_lucas_9.wav
2,lucas,20,2_lucas_20.wav
2,nicolas,34,2_nicolas_34.wav
7,yweweler,16,7_yweweler_16.wav
4,theo,46,4_theo_46.wav
1,jackson,29,1_jackson_29.wav
5,nicolas,23,5_nicolas_23.wav
1,lucas,14,1_lucas_14.wav
3,george,21,3_george_21.wav
3,george,35,3_george_35.wav
9,jackson,28,9_jackson_28.wav
5,nicolas,37,5_nicolas_37.wav
0,theo,39,0_theo_39.wav
1,jackson,15,1_jackson_15.wav
1,nicolas,42,1_nicolas_42.wav
0,theo,11,0_theo_11.wav
5,jackson,48,5_jackson_48.wav
1,lucas,28,1_lucas_28.wav
9,nicolas,43,9_nicolas_43.wav
9,jackson,14,9_jackson_14.wav
5,yweweler,1,5_yweweler_1.wav
7,theo,21,7_theo_21.wav
4,yweweler,47,4_yweweler_47.wav
7,theo,35,7_theo_35.wav
5,lucas,34,5_lucas_34.wav
3,yweweler,43,3_yweweler_43.wav
0,theo,9,0_theo_9.wav
2,george,13,2_george_13.wav
5,lucas,20,5_lucas_20.wav
3,yweweler,41,3_yweweler_41.wav
5,lucas,36,5_lucas_36.wav
5,lucas,22,5_lucas_22.wav
2,george,11,2_george_11.wav
2,george,39,2_george_39.wav
8,george,8,8_george_8.wav
4,yweweler,45,4_yweweler_45.wav
7,theo,23,7_theo_23.wav
7,theo,37,7_theo_37.wav
1,nicolas,40,1_nicolas_40.wav
1,jackson,17,1_jackson_17.wav
0,theo,13,0_theo_13.wav
5,yweweler,3,5_yweweler_3.wav
9,jackson,16,9_jackson_16.wav
9,nicolas,41,9_nicolas_41.wav
3,george,23,3_george_23.wav
1,lucas,16,1_lucas_16.wav
5,nicolas,21,5_nicolas_21.wav
5,nicolas,35,5_nicolas_35.wav
3,george,37,3_george_37.wav
2,nicolas,22,2_nicolas_22.wav
2,lucas,36,2_lucas_36.wav
6,jackson,28,6_jackson_28.wav
0,yweweler,38,0_yweweler_38.wav
9,theo,38,9_theo_38.wav
4,theo,44,4_theo_44.wav
7,yweweler,14,7_yweweler_14.wav
2,nicolas,36,2_nicolas_36.wav
2,lucas,22,2_lucas_22.wav
2,jackson,49,2_jackson_49.wav
0,george,26,0_george_26.wav
9,lucas,42,9_lucas_42.wav
9,theo,10,9_theo_10.wav
6,jackson,14,6_jackson_14.wav
6,nicolas,43,6_nicolas_43.wav
7,yweweler,28,7_yweweler_28.wav
2,yweweler,0,2_yweweler_0.wav
0,yweweler,10,0_yweweler_10.wav
0,george,32,0_george_32.wav
3,theo,5,3_theo_5.wav
3,theo,48,3_theo_48.wav
5,lucas,7,5_lucas_7.wav
8,nicolas,3,8_nicolas_3.wav
1,george,14,1_george_14.wav
8,jackson,4,8_jackson_4.wav
6,lucas,16,6_lucas_16.wav
1,george,28,1_george_28.wav
6,george,10,6_george_10.wav
4,lucas,25,4_lucas_25.wav
2,yweweler,30,2_yweweler_30.wav
2,yweweler,24,2_yweweler_24.wav
4,lucas,31,4_lucas_31.wav
5,yweweler,34,5_yweweler_34.wav
4,lucas,19,4_lucas_19.wav
6,george,38,6_george_38.wav
5,yweweler,20,5_yweweler_20.wav
2,yweweler,18,2_yweweler_18.wav
0,lucas,2,0_lucas_2.wav
9,george,44,9_george_44.wav
0,lucas,39,0_lucas_39.wav
4,nicolas,31,4_nicolas_31.wav
4,nicolas,25,4_nicolas_25.wav
4,yweweler,7,4_yweweler_7.wav
8,nicolas,45,8_nicolas_45.wav
8,jackson,12,8_jackson_12.wav
7,george,36,7_george_36.wav
1,theo,41,1_theo_41.wav
4,nicolas,19,4_nicolas_19.wav
7,george,22,7_george_22.wav
0,lucas,11,0_lucas_11.wav
0,jackson,13,0_jackson_13.wav
0,nicolas,44,0_nicolas_44.wav
3,lucas,25,3_lucas_25.wav
3,yweweler,4,3_yweweler_4.wav
6,theo,0,6_theo_0.wav
1,yweweler,49,1_yweweler_49.wav
8,theo,42,8_theo_42.wav
7,nicolas,47,7_nicolas_47.wav
7,jackson,10,7_jackson_10.wav
3,lucas,31,3_lucas_31.wav
7,jackson,38,7_jackson_38.wav
3,lucas,19,3_lucas_19.wav
8,yweweler,16,8_yweweler_16.wav
3,nicolas,32,3_nicolas_32.wav
4,george,33,4_george_33.wav
5,theo,16,5_theo_16.wav
8,lucas,45,8_lucas_45.wav
3,nicolas,26,3_nicolas_26.wav
4,george,27,4_george_27.wav
2,theo,26,2_theo_26.wav
7,lucas,39,7_lucas_39.wav
5,george,15,5_george_15.wav
2,theo,32,2_theo_32.wav
9,lucas,1,9_lucas_1.wav
5,george,29,5_george_29.wav
7,lucas,11,7_lucas_11.wav
7,lucas,10,7_lucas_10.wav
5,george,28,5_george_28.wav
2,theo,33,2_theo_33.wav
9,lucas,0,9_lucas_0.wav
5,george,14,5_george_14.wav
7,lucas,38,7_lucas_38.wav
2,theo,27,2_theo_27.wav
4,george,26,4_george_26.wav
3,nicolas,27,3_nicolas_27.wav
8,lucas,44,8_lucas_44.wav
8,yweweler,17,8_yweweler_17.wav
3,lucas,18,3_lucas_18.wav
7,jackson,39,7_jackson_39.wav
5,theo,17,5_theo_17.wav
4,george,32,4_george_32.wav
3,nicolas,33,3_nicolas_33.wav
8,theo,43,8_theo_43.wav
3,lucas,30,3_lucas_30.wav
7,jackson,11,7_jackson_11.wav
7,nicolas,46,7_nicolas_46.wav
6,theo,1,6_theo_1.wav
3,yweweler,5,3_yweweler_5.wav
3,lucas,24,3_lucas_24.wav
1,yweweler,48,1_yweweler_48.wav
7,george,23,7_george_23.wav
4,nicolas,18,4_nicolas_18.wav
1,theo,40,1_theo_40.wav
0,nicolas,45,0_nicolas_45.wav
0,jackson,12,0_jackson_12.wav
0,lucas,10,0_lucas_10.wav
4,yweweler,6,4_yweweler_6.wav
7,george,37,7_george_37.wav
8,jackson,13,8_jackson_13.wav
8,nicolas,44,8_nicolas_44.wav
4,nicolas,24,4_nicolas_24.wav
0,lucas,38,0_lucas_38.wav
9,george,45,9_george_45.wav
4,nicolas,30,4_nicolas_30.wav
2,yweweler,19,2_yweweler_19.wav
5,yweweler,21,5_yweweler_21.wav
6,george,39,6_george_39.wav
0,lucas,3,0_lucas_3.wav
4,lucas,18,4_lucas_18.wav
5,yweweler,35,5_yweweler_35.wav
4,lucas,30,4_lucas_30.wav
2,yweweler,25,2_yweweler_25.wav
2,yweweler,31,2_yweweler_31.wav
4,lucas,24,4_lucas_24.wav
6,george,11,6_george_11.wav
1,george,29,1_george_29.wav
6,lucas,17,6_lucas_17.wav
8,jackson,5,8_jackson_5.wav
3,theo,49,3_theo_49.wav
1,george,15,1_george_15.wav
8,nicolas,2,8_nicolas_2.wav
5,lucas,6,5_lucas_6.wav
3,theo,4,3_theo_4.wav
0,yweweler,11,0_yweweler_11.wav
2,yweweler,1,2_yweweler_1.wav
7,yweweler,29,7_yweweler_29.wav
0,george,33,0_george_33.wav
0,george,27,0_george_27.wav
2,jackson,48,2_jackson_48.wav
6,nicolas,42,6_nicolas_42.wav
6,jackson,15,6_jackson_15.wav
9,theo,11,9_theo_11.wav
9,lucas,43,9_lucas_43.wav
7,yweweler,15,7_yweweler_15.wav
4,theo,45,4_theo_45.wav
9,theo,39,9_theo_39.wav
2,lucas,23,2_lucas_23.wav
2,nicolas,37,2_nicolas_37.wav
2,lucas,37,2_lucas_37.wav
2,nicolas,23,2_nicolas_23.wav
0,yweweler,39,0_yweweler_39.wav
6,jackson,29,6_jackson_29.wav
3,george,36,3_george_36.wav
5,nicolas,34,5_nicolas_34.wav
5,nicolas,20,5_nicolas_20.wav
1,lucas,17,1_lucas_17.wav
3,george,22,3_george_22.wav
5,yweweler,2,5_yweweler_2.wav
9,nicolas,40,9_nicolas_40.wav
9,jackson,17,9_jackson_17.wav
0,theo,12,0_theo_12.wav
1,jackson,16,1_jackson_16.wav
1,nicolas,41,1_nicolas_41.wav
7,theo,36,7_theo_36.wav
8,george,9,8_george_9.wav
2,george,38,2_george_38.wav
4,yweweler,44,4_yweweler_44.wav
7,theo,22,7_theo_22.wav
5,lucas,23,5_lucas_23.wav
2,george,10,2_george_10.wav
5,lucas,37,5_lucas_37.wav
3,yweweler,40,3_yweweler_40.wav
7,theo,26,7_theo_26.wav
4,yweweler,40,4_yweweler_40.wav
2,george,28,2_george_28.wav
7,theo,32,7_theo_32.wav
3,yweweler,44,3_yweweler_44.wav
5,lucas,33,5_lucas_33.wav
2,george,14,2_george_14.wav
5,lucas,27,5_lucas_27.wav
3,george,26,3_george_26.wav
1,lucas,13,1_lucas_13.wav
5,nicolas,24,5_nicolas_24.wav
5,nicolas,30,5_nicolas_30.wav
3,george,32,3_george_32.wav
1,nicolas,45,1_nicolas_45.wav
1,jackson,12,1_jackson_12.wav
0,theo,16,0_theo_16.wav
5,nicolas,18,5_nicolas_18.wav
9,jackson,13,9_jackson_13.wav
9,nicolas,44,9_nicolas_44.wav
5,yweweler,6,5_yweweler_6.wav
9,lucas,47,9_lucas_47.wav
9,theo,15,9_theo_15.wav
6,jackson,11,6_jackson_11.wav
6,nicolas,46,6_nicolas_46.wav
7,yweweler,39,7_yweweler_39.wav
0,george,23,0_george_23.wav
0,george,37,0_george_37.wav
2,yweweler,5,2_yweweler_5.wav
0,yweweler,15,0_yweweler_15.wav
9,theo,29,9_theo_29.wav
9,nicolas,8,9_nicolas_8.wav
2,nicolas,27,2_nicolas_27.wav
2,lucas,33,2_lucas_33.wav
2,nicolas,33,2_nicolas_33.wav
2,lucas,27,2_lucas_27.wav
0,yweweler,29,0_yweweler_29.wav
4,theo,41,4_theo_41.wav
7,yweweler,11,7_yweweler_11.wav
6,jackson,39,6_jackson_39.wav
8,jackson,1,8_jackson_1.wav
6,lucas,13,6_lucas_13.wav
1,george,39,1_george_39.wav
8,theo,8,8_theo_8.wav
3,theo,0,3_theo_0.wav
5,lucas,2,5_lucas_2.wav
8,nicolas,6,8_nicolas_6.wav
1,george,11,1_george_11.wav
6,george,29,6_george_29.wav
5,yweweler,31,5_yweweler_31.wav
0,lucas,7,0_lucas_7.wav
6,theo,48,6_theo_48.wav
5,yweweler,25,5_yweweler_25.wav
6,george,15,6_george_15.wav
4,lucas,20,4_lucas_20.wav
2,yweweler,35,2_yweweler_35.wav
2,yweweler,21,2_yweweler_21.wav
4,lucas,34,4_lucas_34.wav
5,yweweler,19,5_yweweler_19.wav
8,nicolas,40,8_nicolas_40.wav
8,jackson,17,8_jackson_17.wav
7,george,33,7_george_33.wav
4,yweweler,2,4_yweweler_2.wav
0,jackson,16,0_jackson_16.wav
0,nicolas,41,0_nicolas_41.wav
0,lucas,14,0_lucas_14.wav
1,theo,44,1_theo_44.wav
7,george,27,7_george_27.wav
4,nicolas,34,4_nicolas_34.wav
9,george,41,9_george_41.wav
0,lucas,28,0_lucas_28.wav
4,nicolas,20,4_nicolas_20.wav
3,nicolas,37,3_nicolas_37.wav
6,yweweler,48,6_yweweler_48.wav
4,george,36,4_george_36.wav
5,theo,13,5_theo_13.wav
8,yweweler,13,8_yweweler_13.wav
7,jackson,29,7_jackson_29.wav
8,lucas,40,8_lucas_40.wav
3,nicolas,23,3_nicolas_23.wav
4,george,22,4_george_22.wav
3,lucas,20,3_lucas_20.wav
3,yweweler,1,3_yweweler_1.wav
6,theo,5,6_theo_5.wav
3,lucas,34,3_lucas_34.wav
7,nicolas,42,7_nicolas_42.wav
7,jackson,15,7_jackson_15.wav
3,jackson,48,3_jackson_48.wav
8,theo,47,8_theo_47.wav
5,george,38,5_george_38.wav
7,lucas,14,7_lucas_14.wav
2,theo,23,2_theo_23.wav
5,george,10,5_george_10.wav
9,lucas,4,9_lucas_4.wav
7,lucas,28,7_lucas_28.wav
2,theo,37,2_theo_37.wav
9,lucas,5,9_lucas_5.wav
2,theo,36,2_theo_36.wav
7,lucas,29,7_lucas_29.wav
5,george,11,5_george_11.wav
2,theo,22,2_theo_22.wav
7,lucas,15,7_lucas_15.wav
5,george,39,5_george_39.wav
7,jackson,14,7_jackson_14.wav
7,nicolas,43,7_nicolas_43.wav
3,lucas,35,3_lucas_35.wav
8,theo,46,8_theo_46.wav
3,jackson,49,3_jackson_49.wav
6,theo,4,6_theo_4.wav
3,yweweler,0,3_yweweler_0.wav
3,lucas,21,3_lucas_21.wav
7,jackson,28,7_jackson_28.wav
4,george,23,4_george_23.wav
3,nicolas,22,3_nicolas_22.wav
8,lucas,41,8_lucas_41.wav
5,theo,12,5_theo_12.wav
4,george,37,4_george_37.wav
6,yweweler,49,6_yweweler_49.wav
3,nicolas,36,3_nicolas_36.wav
8,yweweler,12,8_yweweler_12.wav
0,lucas,29,0_lucas_29.wav
4,nicolas,21,4_nicolas_21.wav
4,nicolas,35,4_nicolas_35.wav
9,george,40,9_george_40.wav
0,lucas,15,0_lucas_15.wav
0,nicolas,40,0_nicolas_40.wav
0,jackson,17,0_jackson_17.wav
7,george,26,7_george_26.wav
1,theo,45,1_theo_45.wav
7,george,32,7_george_32.wav
8,jackson,16,8_jackson_16.wav
8,nicolas,41,8_nicolas_41.wav
4,yweweler,3,4_yweweler_3.wav
5,yweweler,18,5_yweweler_18.wav
4,lucas,35,4_lucas_35.wav
2,yweweler,20,2_yweweler_20.wav
2,yweweler,34,2_yweweler_34.wav
4,lucas,21,4_lucas_21.wav
6,george,14,6_george_14.wav
0,lucas,6,0_lucas_6.wav
5,yweweler,24,5_yweweler_24.wav
6,theo,49,6_theo_49.wav
5,yweweler,30,5_yweweler_30.wav
6,george,28,6_george_28.wav
1,george,10,1_george_10.wav
8,nicolas,7,8_nicolas_7.wav
5,lucas,3,5_lucas_3.wav
3,theo,1,3_theo_1.wav
8,theo,9,8_theo_9.wav
6,lucas,12,6_lucas_12.wav
8,jackson,0,8_jackson_0.wav
1,george,38,1_george_38.wav
2,lucas,26,2_lucas_26.wav
2,nicolas,32,2_nicolas_32.wav
6,jackson,38,6_jackson_38.wav
7,yweweler,10,7_yweweler_10.wav
4,theo,40,4_theo_40.wav
0,yweweler,28,0_yweweler_28.wav
9,theo,28,9_theo_28.wav
2,lucas,32,2_lucas_32.wav
9,nicolas,9,9_nicolas_9.wav
2,nicolas,26,2_nicolas_26.wav
0,george,36,0_george_36.wav
0,yweweler,14,0_yweweler_14.wav
2,yweweler,4,2_yweweler_4.wav
7,yweweler,38,7_yweweler_38.wav
6,nicolas,47,6_nicolas_47.wav
6,jackson,10,6_jackson_10.wav
9,theo,14,9_theo_14.wav
9,lucas,46,9_lucas_46.wav
0,george,22,0_george_22.wav
9,nicolas,45,9_nicolas_45.wav
9,jackson,12,9_jackson_12.wav
5,yweweler,7,5_yweweler_7.wav
0,theo,17,0_theo_17.wav
1,jackson,13,1_jackson_13.wav
1,nicolas,44,1_nicolas_44.wav
5,nicolas,19,5_nicolas_19.wav
3,george,33,3_george_33.wav
5,nicolas,31,5_nicolas_31.wav
5,nicolas,25,5_nicolas_25.wav
1,lucas,12,1_lucas_12.wav
3,george,27,3_george_27.wav
2,george,15,2_george_15.wav
5,lucas,26,5_lucas_26.wav
5,lucas,32,5_lucas_32.wav
3,yweweler,45,3_yweweler_45.wav
2,george,29,2_george_29.wav
7,theo,33,7_theo_33.wav
7,theo,27,7_theo_27.wav
4,yweweler,41,4_yweweler_41.wav
5,lucas,18,5_lucas_18.wav
7,theo,31,7_theo_31.wav
4,yweweler,43,4_yweweler_43.wav
7,theo,25,7_theo_25.wav
5,lucas,24,5_lucas_24.wav
2,george,17,2_george_17.wav
3,yweweler,47,3_yweweler_47.wav
5,lucas,30,5_lucas_30.wav
7,theo,19,7_theo_19.wav
1,jackson,39,1_jackson_39.wav
5,nicolas,33,5_nicolas_33.wav
3,george,31,3_george_31.wav
3,george,25,3_george_25.wav
9,jackson,38,9_jackson_38.wav
1,lucas,10,1_lucas_10.wav
5,nicolas,27,5_nicolas_27.wav
0,theo,29,0_theo_29.wav
5,yweweler,5,5_yweweler_5.wav
9,jackson,10,9_jackson_10.wav
9,nicolas,47,9_nicolas_47.wav
1,lucas,38,1_lucas_38.wav
3,george,19,3_george_19.wav
0,theo,15,0_theo_15.wav
1,nicolas,46,1_nicolas_46.wav
1,jackson,11,1_jackson_11.wav
2,yweweler,6,2_yweweler_6.wav
0,yweweler,16,0_yweweler_16.wav
0,george,34,0_george_34.wav
2,lucas,18,2_lucas_18.wav
2,nicolas,18,2_nicolas_18.wav
0,george,20,0_george_20.wav
9,theo,16,9_theo_16.wav
9,lucas,44,9_lucas_44.wav
6,jackson,12,6_jackson_12.wav
6,nicolas,45,6_nicolas_45.wav
4,theo,42,4_theo_42.wav
7,yweweler,12,7_yweweler_12.wav
2,nicolas,30,2_nicolas_30.wav
9,yweweler,49,9_yweweler_49.wav
2,lucas,24,2_lucas_24.wav
2,nicolas,24,2_nicolas_24.wav
2,lucas,30,2_lucas_30.wav
8,jackson,2,8_jackson_2.wav
6,lucas,10,6_lucas_10.wav
6,lucas,38,6_lucas_38.wav
8,nicolas,5,8_nicolas_5.wav
5,lucas,1,5_lucas_1.wav
1,george,12,1_george_12.wav
3,theo,3,3_theo_3.wav
5,yweweler,26,5_yweweler_26.wav
0,lucas,4,0_lucas_4.wav
9,george,9,9_george_9.wav
5,yweweler,32,5_yweweler_32.wav
2,yweweler,22,2_yweweler_22.wav
4,lucas,37,4_lucas_37.wav
6,george,16,6_george_16.wav
4,lucas,23,4_lucas_23.wav
2,yweweler,36,2_yweweler_36.wav
1,theo,47,1_theo_47.wav
7,george,24,7_george_24.wav
4,jackson,48,4_jackson_48.wav
7,lucas,8,7_lucas_8.wav
0,jackson,15,0_jackson_15.wav
0,nicolas,42,0_nicolas_42.wav
0,lucas,17,0_lucas_17.wav
4,yweweler,1,4_yweweler_1.wav
8,nicolas,43,8_nicolas_43.wav
8,jackson,14,8_jackson_14.wav
7,george,30,7_george_30.wav
7,george,18,7_george_18.wav
4,nicolas,23,4_nicolas_23.wav
0,jackson,29,0_jackson_29.wav
5,theo,8,5_theo_8.wav
9,george,42,9_george_42.wav
4,nicolas,37,4_nicolas_37.wav
8,jackson,28,8_jackson_28.wav
8,lucas,43,8_lucas_43.wav
3,nicolas,20,3_nicolas_20.wav
4,george,21,4_george_21.wav
8,yweweler,10,8_yweweler_10.wav
3,nicolas,34,3_nicolas_34.wav
4,george,35,4_george_35.wav
5,theo,10,5_theo_10.wav
5,theo,38,5_theo_38.wav
8,theo,44,8_theo_44.wav
3,lucas,37,3_lucas_37.wav
7,nicolas,41,7_nicolas_41.wav
7,jackson,16,7_jackson_16.wav
8,yweweler,38,8_yweweler_38.wav
3,lucas,23,3_lucas_23.wav
3,yweweler,2,3_yweweler_2.wav
6,theo,6,6_theo_6.wav
7,lucas,17,7_lucas_17.wav
2,theo,34,2_theo_34.wav
9,lucas,7,9_lucas_7.wav
2,theo,20,2_theo_20.wav
5,george,13,5_george_13.wav
5,george,12,5_george_12.wav
2,theo,21,2_theo_21.wav
2,theo,35,2_theo_35.wav
9,lucas,6,9_lucas_6.wav
7,lucas,16,7_lucas_16.wav
6,theo,7,6_theo_7.wav
3,yweweler,3,3_yweweler_3.wav
3,lucas,22,3_lucas_22.wav
8,theo,45,8_theo_45.wav
5,theo,39,5_theo_39.wav
8,yweweler,39,8_yweweler_39.wav
7,jackson,17,7_jackson_17.wav
7,nicolas,40,7_nicolas_40.wav
3,lucas,36,3_lucas_36.wav
8,yweweler,11,8_yweweler_11.wav
5,theo,11,5_theo_11.wav
4,george,34,4_george_34.wav
3,nicolas,35,3_nicolas_35.wav
4,george,20,4_george_20.wav
3,nicolas,21,3_nicolas_21.wav
8,lucas,42,8_lucas_42.wav
9,george,43,9_george_43.wav
8,jackson,29,8_jackson_29.wav
4,nicolas,36,4_nicolas_36.wav
4,nicolas,22,4_nicolas_22.wav
7,george,19,7_george_19.wav
0,jackson,28,0_jackson_28.wav
5,theo,9,5_theo_9.wav
4,yweweler,0,4_yweweler_0.wav
7,george,31,7_george_31.wav
8,jackson,15,8_jackson_15.wav
8,nicolas,42,8_nicolas_42.wav
4,jackson,49,4_jackson_49.wav
7,george,25,7_george_25.wav
1,theo,46,1_theo_46.wav
0,lucas,16,0_lucas_16.wav
0,nicolas,43,0_nicolas_43.wav
0,jackson,14,0_jackson_14.wav
7,lucas,9,7_lucas_9.wav
2,yweweler,37,2_yweweler_37.wav
4,lucas,22,4_lucas_22.wav
6,george,17,6_george_17.wav
4,lucas,36,4_lucas_36.wav
2,yweweler,23,2_yweweler_23.wav
5,yweweler,33,5_yweweler_33.wav
5,yweweler,27,5_yweweler_27.wav
9,george,8,9_george_8.wav
0,lucas,5,0_lucas_5.wav
3,theo,2,3_theo_2.wav
6,lucas,39,6_lucas_39.wav
1,george,13,1_george_13.wav
5,lucas,0,5_lucas_0.wav
8,nicolas,4,8_nicolas_4.wav
6,lucas,11,6_lucas_11.wav
8,jackson,3,8_jackson_3.wav
2,lucas,31,2_lucas_31.wav
2,nicolas,25,2_nicolas_25.wav
7,yweweler,13,7_yweweler_13.wav
4,theo,43,4_theo_43.wav
2,lucas,25,2_lucas_25.wav
9,yweweler,48,9_yweweler_48.wav
2,nicolas,31,2_nicolas_31.wav
0,george,21,0_george_21.wav
2,nicolas,19,2_nicolas_19.wav
6,nicolas,44,6_nicolas_44.wav
6,jackson,13,6_jackson_13.wav
9,lucas,45,9_lucas_45.wav
9,theo,17,9_theo_17.wav
0,yweweler,17,0_yweweler_17.wav
2,yweweler,7,2_yweweler_7.wav
2,lucas,19,2_lucas_19.wav
0,george,35,0_george_35.wav
3,george,18,3_george_18.wav
1,jackson,10,1_jackson_10.wav
1,nicolas,47,1_nicolas_47.wav
0,theo,14,0_theo_14.wav
5,yweweler,4,5_yweweler_4.wav
1,lucas,39,1_lucas_39.wav
9,nicolas,46,9_nicolas_46.wav
9,jackson,11,9_jackson_11.wav
5,nicolas,26,5_nicolas_26.wav
1,lucas,11,1_lucas_11.wav
9,jackson,39,9_jackson_39.wav
3,george,24,3_george_24.wav
0,theo,28,0_theo_28.wav
1,jackson,38,1_jackson_38.wav
3,george,30,3_george_30.wav
5,nicolas,32,5_nicolas_32.wav
7,theo,18,7_theo_18.wav
5,lucas,31,5_lucas_31.wav
3,yweweler,46,3_yweweler_46.wav
5,lucas,25,5_lucas_25.wav
2,george,16,2_george_16.wav
4,yweweler,42,4_yweweler_42.wav
7,theo,24,7_theo_24.wav
7,theo,30,7_theo_30.wav
5,lucas,19,5_lucas_19.wav
3,george,8,3_george_8.wav
3,yweweler,35,3_yweweler_35.wav
5,lucas,42,5_lucas_42.wav
5,jackson,7,5_jackson_7.wav
4,yweweler,19,4_yweweler_19.wav
3,yweweler,21,3_yweweler_21.wav
4,yweweler,31,4_yweweler_31.wav
5,nicolas,0,5_nicolas_0.wav
4,yweweler,25,4_yweweler_25.wav
7,theo,43,7_theo_43.wav
1,nicolas,34,1_nicolas_34.wav
9,nicolas,21,9_nicolas_21.wav
7,george,0,7_george_0.wav
9,nicolas,35,9_nicolas_35.wav
4,theo,2,4_theo_2.wav
4,jackson,9,4_jackson_9.wav
1,nicolas,20,1_nicolas_20.wav
1,yweweler,2,1_yweweler_2.wav
5,nicolas,41,5_nicolas_41.wav
5,jackson,16,5_jackson_16.wav
6,lucas,0,6_lucas_0.wav
3,george,43,3_george_43.wav
9,yweweler,3,9_yweweler_3.wav
4,theo,24,4_theo_24.wav
6,yweweler,1,6_yweweler_1.wav
4,george,8,4_george_8.wav
2,lucas,42,2_lucas_42.wav
2,jackson,15,2_jackson_15.wav
2,nicolas,42,2_nicolas_42.wav
4,theo,30,4_theo_30.wav
6,jackson,48,6_jackson_48.wav
9,lucas,36,9_lucas_36.wav
4,theo,18,4_theo_18.wav
6,nicolas,37,6_nicolas_37.wav
7,yweweler,48,7_yweweler_48.wav
9,yweweler,13,9_yweweler_13.wav
0,george,46,0_george_46.wav
2,jackson,29,2_jackson_29.wav
6,nicolas,23,6_nicolas_23.wav
9,lucas,22,9_lucas_22.wav
3,theo,28,3_theo_28.wav
6,jackson,2,6_jackson_2.wav
0,george,0,0_george_0.wav
3,theo,14,3_theo_14.wav
1,george,48,1_george_48.wav
6,nicolas,5,6_nicolas_5.wav
6,theo,11,6_theo_11.wav
2,yweweler,44,2_yweweler_44.wav
1,theo,7,1_theo_7.wav
1,jackson,6,1_jackson_6.wav
4,lucas,45,4_lucas_45.wav
5,yweweler,40,5_yweweler_40.wav
1,nicolas,1,1_nicolas_1.wav
8,george,16,8_george_16.wav
6,theo,39,6_theo_39.wav
4,jackson,12,4_jackson_12.wav
4,nicolas,45,4_nicolas_45.wav
0,jackson,8,0_jackson_8.wav
9,george,30,9_george_30.wav
6,george,7,6_george_7.wav
8,yweweler,7,8_yweweler_7.wav
0,nicolas,18,0_nicolas_18.wav
9,george,24,9_george_24.wav
0,yweweler,6,0_yweweler_6.wav
8,nicolas,19,8_nicolas_19.wav
8,nicolas,31,8_nicolas_31.wav
1,theo,21,1_theo_21.wav
7,george,42,7_george_42.wav
0,nicolas,24,0_nicolas_24.wav
9,george,18,9_george_18.wav
0,nicolas,30,0_nicolas_30.wav
1,theo,35,1_theo_35.wav
8,nicolas,25,8_nicolas_25.wav
8,theo,22,8_theo_22.wav
8,lucas,19,8_lucas_19.wav
7,nicolas,27,7_nicolas_27.wav
7,nicolas,33,7_nicolas_33.wav
3,lucas,45,3_lucas_45.wav
3,lucas,5,3_lucas_5.wav
6,yweweler,11,6_yweweler_11.wav
3,jackson,39,3_jackson_39.wav
8,theo,36,8_theo_36.wav
1,yweweler,29,1_yweweler_29.wav
6,yweweler,39,6_yweweler_39.wav
3,nicolas,46,3_nicolas_46.wav
3,jackson,11,3_jackson_11.wav
4,george,47,4_george_47.wav
8,lucas,25,8_lucas_25.wav
7,yweweler,5,7_yweweler_5.wav
8,lucas,31,8_lucas_31.wav
1,yweweler,15,1_yweweler_15.wav
1,george,7,1_george_7.wav
9,theo,1,9_theo_1.wav
2,theo,9,2_theo_9.wav
4,lucas,9,4_lucas_9.wav
2,theo,46,2_theo_46.wav
2,jackson,3,2_jackson_3.wav
2,nicolas,4,2_nicolas_4.wav
5,george,49,5_george_49.wav
5,george,48,5_george_48.wav
2,nicolas,5,2_nicolas_5.wav
4,lucas,8,4_lucas_8.wav
2,jackson,2,2_jackson_2.wav
2,theo,47,2_theo_47.wav
1,george,6,1_george_6.wav
2,theo,8,2_theo_8.wav
9,theo,0,9_theo_0.wav
1,yweweler,14,1_yweweler_14.wav
8,lucas,30,8_lucas_30.wav
7,yweweler,4,7_yweweler_4.wav
8,lucas,24,8_lucas_24.wav
4,george,46,4_george_46.wav
3,jackson,10,3_jackson_10.wav
3,nicolas,47,3_nicolas_47.wav
6,yweweler,38,6_yweweler_38.wav
3,lucas,4,3_lucas_4.wav
3,lucas,44,3_lucas_44.wav
7,nicolas,32,7_nicolas_32.wav
1,yweweler,28,1_yweweler_28.wav
8,theo,37,8_theo_37.wav
3,jackson,38,3_jackson_38.wav
6,yweweler,10,6_yweweler_10.wav
8,lucas,18,8_lucas_18.wav
8,theo,23,8_theo_23.wav
7,nicolas,26,7_nicolas_26.wav
0,nicolas,31,0_nicolas_31.wav
9,george,19,9_george_19.wav
8,nicolas,24,8_nicolas_24.wav
1,theo,34,1_theo_34.wav
7,george,43,7_george_43.wav
1,theo,20,1_theo_20.wav
8,nicolas,30,8_nicolas_30.wav
0,nicolas,25,0_nicolas_25.wav
9,george,25,9_george_25.wav
8,nicolas,18,8_nicolas_18.wav
0,yweweler,7,0_yweweler_7.wav
0,jackson,9,0_jackson_9.wav
4,nicolas,44,4_nicolas_44.wav
4,jackson,13,4_jackson_13.wav
0,nicolas,19,0_nicolas_19.wav
8,yweweler,6,8_yweweler_6.wav
6,george,6,6_george_6.wav
9,george,31,9_george_31.wav
6,theo,38,6_theo_38.wav
5,yweweler,41,5_yweweler_41.wav
8,george,17,8_george_17.wav
1,nicolas,0,1_nicolas_0.wav
1,theo,6,1_theo_6.wav
4,lucas,44,4_lucas_44.wav
1,jackson,7,1_jackson_7.wav
2,yweweler,45,2_yweweler_45.wav
6,theo,10,6_theo_10.wav
6,nicolas,4,6_nicolas_4.wav
3,theo,15,3_theo_15.wav
1,george,49,1_george_49.wav
0,george,1,0_george_1.wav
3,theo,29,3_theo_29.wav
6,jackson,3,6_jackson_3.wav
2,jackson,28,2_jackson_28.wav
0,george,47,0_george_47.wav
9,lucas,23,9_lucas_23.wav
6,nicolas,22,6_nicolas_22.wav
7,yweweler,49,7_yweweler_49.wav
6,nicolas,36,6_nicolas_36.wav
4,theo,19,4_theo_19.wav
9,lucas,37,9_lucas_37.wav
9,yweweler,12,9_yweweler_12.wav
2,nicolas,43,2_nicolas_43.wav
2,jackson,14,2_jackson_14.wav
6,jackson,49,6_jackson_49.wav
4,theo,31,4_theo_31.wav
4,theo,25,4_theo_25.wav
2,lucas,43,2_lucas_43.wav
4,george,9,4_george_9.wav
6,yweweler,0,6_yweweler_0.wav
6,lucas,1,6_lucas_1.wav
3,george,42,3_george_42.wav
5,jackson,17,5_jackson_17.wav
5,nicolas,40,5_nicolas_40.wav
9,yweweler,2,9_yweweler_2.wav
1,yweweler,3,1_yweweler_3.wav
4,jackson,8,4_jackson_8.wav
4,theo,3,4_theo_3.wav
9,nicolas,34,9_nicolas_34.wav
7,george,1,7_george_1.wav
1,nicolas,21,1_nicolas_21.wav
1,nicolas,35,1_nicolas_35.wav
9,nicolas,20,9_nicolas_20.wav
4,yweweler,24,4_yweweler_24.wav
7,theo,42,7_theo_42.wav
5,nicolas,1,5_nicolas_1.wav
4,yweweler,30,4_yweweler_30.wav
3,yweweler,20,3_yweweler_20.wav
4,yweweler,18,4_yweweler_18.wav
5,lucas,43,5_lucas_43.wav
3,yweweler,34,3_yweweler_34.wav
3,george,9,3_george_9.wav
5,jackson,6,5_jackson_6.wav
3,yweweler,22,3_yweweler_22.wav
5,jackson,4,5_jackson_4.wav
3,yweweler,36,3_yweweler_36.wav
5,lucas,41,5_lucas_41.wav
5,nicolas,3,5_nicolas_3.wav
7,theo,40,7_theo_40.wav
4,yweweler,26,4_yweweler_26.wav
4,yweweler,32,4_yweweler_32.wav
1,nicolas,23,1_nicolas_23.wav
7,george,3,7_george_3.wav
9,nicolas,36,9_nicolas_36.wav
4,theo,1,4_theo_1.wav
1,lucas,49,1_lucas_49.wav
5,jackson,29,5_jackson_29.wav
9,nicolas,22,9_nicolas_22.wav
1,nicolas,37,1_nicolas_37.wav
1,jackson,48,1_jackson_48.wav
9,yweweler,0,9_yweweler_0.wav
5,nicolas,42,5_nicolas_42.wav
5,jackson,15,5_jackson_15.wav
3,george,40,3_george_40.wav
6,lucas,3,6_lucas_3.wav
9,jackson,49,9_jackson_49.wav
1,yweweler,1,1_yweweler_1.wav
4,theo,33,4_theo_33.wav
2,jackson,16,2_jackson_16.wav
2,nicolas,41,2_nicolas_41.wav
9,yweweler,38,9_yweweler_38.wav
6,yweweler,2,6_yweweler_2.wav
2,lucas,41,2_lucas_41.wav
4,theo,27,4_theo_27.wav
6,nicolas,20,6_nicolas_20.wav
9,lucas,21,9_lucas_21.wav
0,george,45,0_george_45.wav
9,yweweler,10,9_yweweler_10.wav
9,lucas,35,9_lucas_35.wav
7,nicolas,8,7_nicolas_8.wav
6,nicolas,34,6_nicolas_34.wav
0,george,3,0_george_3.wav
6,lucas,49,6_lucas_49.wav
6,jackson,1,6_jackson_1.wav
6,nicolas,6,6_nicolas_6.wav
3,theo,17,3_theo_17.wav
1,jackson,5,1_jackson_5.wav
4,lucas,46,4_lucas_46.wav
1,theo,4,1_theo_4.wav
8,george,29,8_george_29.wav
6,theo,12,6_theo_12.wav
2,yweweler,47,2_yweweler_47.wav
1,nicolas,2,1_nicolas_2.wav
8,george,15,8_george_15.wav
5,yweweler,43,5_yweweler_43.wav
0,yweweler,5,0_yweweler_5.wav
9,george,27,9_george_27.wav
9,george,33,9_george_33.wav
6,george,4,6_george_4.wav
8,yweweler,4,8_yweweler_4.wav
4,jackson,11,4_jackson_11.wav
4,nicolas,46,4_nicolas_46.wav
1,theo,36,1_theo_36.wav
4,jackson,39,4_jackson_39.wav
8,nicolas,26,8_nicolas_26.wav
0,nicolas,33,0_nicolas_33.wav
0,nicolas,27,0_nicolas_27.wav
8,nicolas,32,8_nicolas_32.wav
1,theo,22,1_theo_22.wav
7,george,41,7_george_41.wav
6,yweweler,12,6_yweweler_12.wav
5,theo,49,5_theo_49.wav
8,theo,35,8_theo_35.wav
7,nicolas,30,7_nicolas_30.wav
3,lucas,6,3_lucas_6.wav
3,lucas,46,3_lucas_46.wav
8,yweweler,49,8_yweweler_49.wav
7,nicolas,24,7_nicolas_24.wav
8,theo,21,8_theo_21.wav
8,lucas,32,8_lucas_32.wav
7,yweweler,6,7_yweweler_6.wav
1,yweweler,16,1_yweweler_16.wav
3,nicolas,9,3_nicolas_9.wav
7,nicolas,18,7_nicolas_18.wav
3,nicolas,45,3_nicolas_45.wav
3,jackson,12,3_jackson_12.wav
4,george,44,4_george_44.wav
8,lucas,26,8_lucas_26.wav
2,theo,45,2_theo_45.wav
2,jackson,0,2_jackson_0.wav
9,theo,2,9_theo_2.wav
1,george,4,1_george_4.wav
2,nicolas,7,2_nicolas_7.wav
2,nicolas,6,2_nicolas_6.wav
9,theo,3,9_theo_3.wav
1,george,5,1_george_5.wav
2,jackson,1,2_jackson_1.wav
2,theo,44,2_theo_44.wav
7,nicolas,19,7_nicolas_19.wav
8,lucas,27,8_lucas_27.wav
4,george,45,4_george_45.wav
3,jackson,13,3_jackson_13.wav
3,nicolas,44,3_nicolas_44.wav
1,yweweler,17,1_yweweler_17.wav
7,yweweler,7,7_yweweler_7.wav
8,lucas,33,8_lucas_33.wav
3,nicolas,8,3_nicolas_8.wav
7,nicolas,25,7_nicolas_25.wav
8,theo,20,8_theo_20.wav
8,theo,34,8_theo_34.wav
5,theo,48,5_theo_48.wav
6,yweweler,13,6_yweweler_13.wav
8,yweweler,48,8_yweweler_48.wav
3,lucas,47,3_lucas_47.wav
3,lucas,7,3_lucas_7.wav
7,nicolas,31,7_nicolas_31.wav
0,nicolas,26,0_nicolas_26.wav
7,george,40,7_george_40.wav
1,theo,23,1_theo_23.wav
8,nicolas,33,8_nicolas_33.wav
8,nicolas,27,8_nicolas_27.wav
4,jackson,38,4_jackson_38.wav
1,theo,37,1_theo_37.wav
0,nicolas,32,0_nicolas_32.wav
8,yweweler,5,8_yweweler_5.wav
6,george,5,6_george_5.wav
9,george,32,9_george_32.wav
4,nicolas,47,4_nicolas_47.wav
4,jackson,10,4_jackson_10.wav
0,yweweler,4,0_yweweler_4.wav
9,george,26,9_george_26.wav
8,george,14,8_george_14.wav
1,nicolas,3,1_nicolas_3.wav
5,yweweler,42,5_yweweler_42.wav
8,george,28,8_george_28.wav
2,yweweler,46,2_yweweler_46.wav
6,theo,13,6_theo_13.wav
4,lucas,47,4_lucas_47.wav
1,jackson,4,1_jackson_4.wav
1,theo,5,1_theo_5.wav
3,theo,16,3_theo_16.wav
6,nicolas,7,6_nicolas_7.wav
6,jackson,0,6_jackson_0.wav
6,lucas,48,6_lucas_48.wav
0,george,2,0_george_2.wav
9,yweweler,11,9_yweweler_11.wav
6,nicolas,35,6_nicolas_35.wav
7,nicolas,9,7_nicolas_9.wav
9,lucas,34,9_lucas_34.wav
9,lucas,20,9_lucas_20.wav
6,nicolas,21,6_nicolas_21.wav
0,george,44,0_george_44.wav
2,lucas,40,2_lucas_40.wav
6,yweweler,3,6_yweweler_3.wav
4,theo,26,4_theo_26.wav
4,theo,32,4_theo_32.wav
9,yweweler,39,9_yweweler_39.wav
2,nicolas,40,2_nicolas_40.wav
2,jackson,17,2_jackson_17.wav
1,yweweler,0,1_yweweler_0.wav
9,jackson,48,9_jackson_48.wav
9,yweweler,1,9_yweweler_1.wav
1,jackson,49,1_jackson_49.wav
3,george,41,3_george_41.wav
6,lucas,2,6_lucas_2.wav
5,jackson,14,5_jackson_14.wav
5,nicolas,43,5_nicolas_43.wav
9,nicolas,23,9_nicolas_23.wav
1,nicolas,36,1_nicolas_36.wav
1,nicolas,22,1_nicolas_22.wav
5,jackson,28,5_jackson_28.wav
1,lucas,48,1_lucas_48.wav
4,theo,0,4_theo_0.wav
9,nicolas,37,9_nicolas_37.wav
7,george,2,7_george_2.wav
4,yweweler,33,4_yweweler_33.wav
7,theo,41,7_theo_41.wav
4,yweweler,27,4_yweweler_27.wav
5,nicolas,2,5_nicolas_2.wav
5,jackson,5,5_jackson_5.wav
5,lucas,40,5_lucas_40.wav
3,yweweler,37,3_yweweler_37.wav
3,yweweler,23,3_yweweler_23.wav
5,nicolas,6,5_nicolas_6.wav
4,yweweler,23,4_yweweler_23.wav
7,theo,45,7_theo_45.wav
4,yweweler,37,4_yweweler_37.wav
3,yweweler,27,3_yweweler_27.wav
3,yweweler,33,3_yweweler_33.wav
5,lucas,44,5_lucas_44.wav
5,jackson,1,5_jackson_1.wav
5,nicolas,47,5_nicolas_47.wav
5,jackson,10,5_jackson_10.wav
6,lucas,6,6_lucas_6.wav
3,george,45,3_george_45.wav
9,yweweler,5,9_yweweler_5.wav
0,theo,49,0_theo_49.wav
4,nicolas,8,4_nicolas_8.wav
1,yweweler,4,1_yweweler_4.wav
7,george,6,7_george_6.wav
4,theo,4,4_theo_4.wav
9,nicolas,33,9_nicolas_33.wav
1,nicolas,26,1_nicolas_26.wav
1,nicolas,32,1_nicolas_32.wav
5,jackson,38,5_jackson_38.wav
9,nicolas,27,9_nicolas_27.wav
0,george,40,0_george_40.wav
6,nicolas,25,6_nicolas_25.wav
9,lucas,24,9_lucas_24.wav
9,lucas,30,9_lucas_30.wav
6,nicolas,31,6_nicolas_31.wav
9,yweweler,15,9_yweweler_15.wav
2,jackson,13,2_jackson_13.wav
2,nicolas,44,2_nicolas_44.wav
4,theo,36,4_theo_36.wav
9,lucas,18,9_lucas_18.wav
6,nicolas,19,6_nicolas_19.wav
4,theo,22,4_theo_22.wav
6,yweweler,7,6_yweweler_7.wav
2,lucas,44,2_lucas_44.wav
9,yweweler,29,9_yweweler_29.wav
6,nicolas,3,6_nicolas_3.wav
3,theo,12,3_theo_12.wav
8,lucas,9,8_lucas_9.wav
0,george,6,0_george_6.wav
6,jackson,4,6_jackson_4.wav
5,yweweler,46,5_yweweler_46.wav
1,nicolas,7,1_nicolas_7.wav
8,george,10,8_george_10.wav
1,theo,1,1_theo_1.wav
8,george,38,8_george_38.wav
2,george,9,2_george_9.wav
1,jackson,0,1_jackson_0.wav
4,lucas,43,4_lucas_43.wav
6,theo,17,6_theo_17.wav
2,yweweler,42,2_yweweler_42.wav
0,nicolas,36,0_nicolas_36.wav
0,nicolas,9,0_nicolas_9.wav
1,theo,33,1_theo_33.wav
8,nicolas,23,8_nicolas_23.wav
8,nicolas,37,8_nicolas_37.wav
1,theo,27,1_theo_27.wav
7,george,44,7_george_44.wav
4,jackson,28,4_jackson_28.wav
0,nicolas,22,0_nicolas_22.wav
9,george,22,9_george_22.wav
8,jackson,48,8_jackson_48.wav
0,yweweler,0,0_yweweler_0.wav
4,jackson,14,4_jackson_14.wav
4,nicolas,43,4_nicolas_43.wav
9,george,36,9_george_36.wav
6,george,1,6_george_1.wav
0,jackson,49,0_jackson_49.wav
8,yweweler,1,8_yweweler_1.wav
8,lucas,37,8_lucas_37.wav
7,yweweler,3,7_yweweler_3.wav
1,yweweler,13,1_yweweler_13.wav
3,nicolas,40,3_nicolas_40.wav
3,jackson,17,3_jackson_17.wav
4,george,41,4_george_41.wav
8,lucas,23,8_lucas_23.wav
8,theo,18,8_theo_18.wav
5,george,9,5_george_9.wav
3,lucas,3,3_lucas_3.wav
3,lucas,43,3_lucas_43.wav
7,nicolas,35,7_nicolas_35.wav
6,yweweler,17,6_yweweler_17.wav
8,theo,30,8_theo_30.wav
8,theo,24,8_theo_24.wav
7,nicolas,21,7_nicolas_21.wav
2,nicolas,2,2_nicolas_2.wav
2,theo,40,2_theo_40.wav
2,jackson,5,2_jackson_5.wav
1,george,1,1_george_1.wav
9,theo,7,9_theo_7.wav
1,george,0,1_george_0.wav
9,theo,6,9_theo_6.wav
2,jackson,4,2_jackson_4.wav
2,theo,41,2_theo_41.wav
2,nicolas,3,2_nicolas_3.wav
8,theo,25,8_theo_25.wav
7,nicolas,20,7_nicolas_20.wav
7,nicolas,34,7_nicolas_34.wav
3,lucas,42,3_lucas_42.wav
3,lucas,2,3_lucas_2.wav
5,george,8,5_george_8.wav
8,theo,31,8_theo_31.wav
6,yweweler,16,6_yweweler_16.wav
8,theo,19,8_theo_19.wav
8,lucas,22,8_lucas_22.wav
4,george,40,4_george_40.wav
3,jackson,16,3_jackson_16.wav
3,nicolas,41,3_nicolas_41.wav
1,yweweler,12,1_yweweler_12.wav
7,yweweler,2,7_yweweler_2.wav
8,lucas,36,8_lucas_36.wav
4,nicolas,42,4_nicolas_42.wav
4,jackson,15,4_jackson_15.wav
8,yweweler,0,8_yweweler_0.wav
0,jackson,48,0_jackson_48.wav
6,george,0,6_george_0.wav
9,george,37,9_george_37.wav
9,george,23,9_george_23.wav
0,yweweler,1,0_yweweler_1.wav
8,jackson,49,8_jackson_49.wav
4,jackson,29,4_jackson_29.wav
7,george,45,7_george_45.wav
1,theo,26,1_theo_26.wav
8,nicolas,36,8_nicolas_36.wav
0,nicolas,23,0_nicolas_23.wav
0,nicolas,8,0_nicolas_8.wav
0,nicolas,37,0_nicolas_37.wav
8,nicolas,22,8_nicolas_22.wav
1,theo,32,1_theo_32.wav
2,yweweler,43,2_yweweler_43.wav
6,theo,16,6_theo_16.wav
8,george,39,8_george_39.wav
1,theo,0,1_theo_0.wav
4,lucas,42,4_lucas_42.wav
1,jackson,1,1_jackson_1.wav
2,george,8,2_george_8.wav
5,yweweler,47,5_yweweler_47.wav
8,george,11,8_george_11.wav
1,nicolas,6,1_nicolas_6.wav
6,jackson,5,6_jackson_5.wav
8,lucas,8,8_lucas_8.wav
0,george,7,0_george_7.wav
3,theo,13,3_theo_13.wav
6,nicolas,2,6_nicolas_2.wav
4,theo,23,4_theo_23.wav
9,yweweler,28,9_yweweler_28.wav
2,lucas,45,2_lucas_45.wav
6,yweweler,6,6_yweweler_6.wav
2,nicolas,45,2_nicolas_45.wav
2,jackson,12,2_jackson_12.wav
6,nicolas,18,6_nicolas_18.wav
9,lucas,19,9_lucas_19.wav
4,theo,37,4_theo_37.wav
6,nicolas,30,6_nicolas_30.wav
9,lucas,31,9_lucas_31.wav
9,yweweler,14,9_yweweler_14.wav
0,george,41,0_george_41.wav
9,lucas,25,9_lucas_25.wav
6,nicolas,24,6_nicolas_24.wav
1,nicolas,33,1_nicolas_33.wav
9,nicolas,26,9_nicolas_26.wav
5,jackson,39,5_jackson_39.wav
9,nicolas,32,9_nicolas_32.wav
4,theo,5,4_theo_5.wav
7,george,7,7_george_7.wav
1,nicolas,27,1_nicolas_27.wav
4,nicolas,9,4_nicolas_9.wav
1,yweweler,5,1_yweweler_5.wav
6,lucas,7,6_lucas_7.wav
3,george,44,3_george_44.wav
5,jackson,11,5_jackson_11.wav
5,nicolas,46,5_nicolas_46.wav
0,theo,48,0_theo_48.wav
9,yweweler,4,9_yweweler_4.wav
5,lucas,45,5_lucas_45.wav
3,yweweler,32,3_yweweler_32.wav
5,jackson,0,5_jackson_0.wav
3,yweweler,26,3_yweweler_26.wav
4,yweweler,36,4_yweweler_36.wav
4,yweweler,22,4_yweweler_22.wav
7,theo,44,7_theo_44.wav
5,nicolas,7,5_nicolas_7.wav
2,george,48,2_george_48.wav
4,yweweler,34,4_yweweler_34.wav
3,yweweler,18,3_yweweler_18.wav
5,nicolas,5,5_nicolas_5.wav
7,theo,46,7_theo_46.wav
4,yweweler,20,4_yweweler_20.wav
1,lucas,9,1_lucas_9.wav
5,jackson,2,5_jackson_2.wav
3,yweweler,30,3_yweweler_30.wav
5,lucas,47,5_lucas_47.wav
3,yweweler,24,3_yweweler_24.wav
1,yweweler,7,1_yweweler_7.wav
9,nicolas,18,9_nicolas_18.wav
9,yweweler,6,9_yweweler_6.wav
1,nicolas,19,1_nicolas_19.wav
5,nicolas,44,5_nicolas_44.wav
5,jackson,13,5_jackson_13.wav
3,george,46,3_george_46.wav
6,lucas,5,6_lucas_5.wav
9,nicolas,24,9_nicolas_24.wav
1,nicolas,31,1_nicolas_31.wav
1,nicolas,25,1_nicolas_25.wav
7,george,5,7_george_5.wav
4,theo,7,4_theo_7.wav
9,nicolas,30,9_nicolas_30.wav
2,jackson,38,2_jackson_38.wav
9,yweweler,16,9_yweweler_16.wav
9,lucas,33,9_lucas_33.wav
6,nicolas,32,6_nicolas_32.wav
6,nicolas,26,6_nicolas_26.wav
9,lucas,27,9_lucas_27.wav
0,george,43,0_george_43.wav
6,yweweler,4,6_yweweler_4.wav
7,theo,9,7_theo_9.wav
2,lucas,47,2_lucas_47.wav
0,yweweler,49,0_yweweler_49.wav
4,theo,21,4_theo_21.wav
9,theo,49,9_theo_49.wav
4,theo,35,4_theo_35.wav
7,jackson,9,7_jackson_9.wav
2,jackson,10,2_jackson_10.wav
2,nicolas,47,2_nicolas_47.wav
3,theo,11,3_theo_11.wav
6,nicolas,0,6_nicolas_0.wav
6,jackson,7,6_jackson_7.wav
0,george,5,0_george_5.wav
3,theo,39,3_theo_39.wav
1,nicolas,4,1_nicolas_4.wav
8,george,13,8_george_13.wav
6,theo,28,6_theo_28.wav
5,yweweler,45,5_yweweler_45.wav
6,george,49,6_george_49.wav
6,theo,14,6_theo_14.wav
2,yweweler,41,2_yweweler_41.wav
1,jackson,3,1_jackson_3.wav
4,lucas,40,4_lucas_40.wav
1,theo,2,1_theo_2.wav
0,nicolas,21,0_nicolas_21.wav
8,nicolas,34,8_nicolas_34.wav
1,theo,24,1_theo_24.wav
7,george,47,7_george_47.wav
1,theo,30,1_theo_30.wav
8,nicolas,20,8_nicolas_20.wav
0,nicolas,35,0_nicolas_35.wav
9,george,35,9_george_35.wav
6,george,2,6_george_2.wav
0,lucas,48,0_lucas_48.wav
8,yweweler,2,8_yweweler_2.wav
1,theo,18,1_theo_18.wav
4,jackson,17,4_jackson_17.wav
4,nicolas,40,4_nicolas_40.wav
0,yweweler,3,0_yweweler_3.wav
9,george,21,9_george_21.wav
7,jackson,49,7_jackson_49.wav
3,nicolas,43,3_nicolas_43.wav
3,jackson,14,3_jackson_14.wav
4,george,42,4_george_42.wav
8,lucas,20,8_lucas_20.wav
7,yweweler,0,7_yweweler_0.wav
8,lucas,34,8_lucas_34.wav
1,yweweler,10,1_yweweler_10.wav
6,yweweler,28,6_yweweler_28.wav
7,nicolas,22,7_nicolas_22.wav
3,jackson,8,3_jackson_8.wav
8,theo,27,8_theo_27.wav
1,yweweler,38,1_yweweler_38.wav
3,jackson,28,3_jackson_28.wav
6,yweweler,14,6_yweweler_14.wav
8,theo,33,8_theo_33.wav
3,lucas,40,3_lucas_40.wav
3,lucas,0,3_lucas_0.wav
7,nicolas,36,7_nicolas_36.wav
2,nicolas,1,2_nicolas_1.wav
9,theo,4,9_theo_4.wav
1,george,2,1_george_2.wav
7,lucas,48,7_lucas_48.wav
2,theo,43,2_theo_43.wav
2,jackson,6,2_jackson_6.wav
2,jackson,7,2_jackson_7.wav
2,theo,42,2_theo_42.wav
9,theo,5,9_theo_5.wav
7,lucas,49,7_lucas_49.wav
1,george,3,1_george_3.wav
2,nicolas,0,2_nicolas_0.wav
8,theo,32,8_theo_32.wav
6,yweweler,15,6_yweweler_15.wav
7,nicolas,37,7_nicolas_37.wav
3,lucas,1,3_lucas_1.wav
3,lucas,41,3_lucas_41.wav
7,nicolas,23,7_nicolas_23.wav
3,jackson,29,3_jackson_29.wav
1,yweweler,39,1_yweweler_39.wav
8,theo,26,8_theo_26.wav
3,jackson,9,3_jackson_9.wav
6,yweweler,29,6_yweweler_29.wav
1,yweweler,11,1_yweweler_11.wav
8,lucas,35,8_lucas_35.wav
7,yweweler,1,7_yweweler_1.wav
7,jackson,48,7_jackson_48.wav
8,lucas,21,8_lucas_21.wav
4,george,43,4_george_43.wav
3,jackson,15,3_jackson_15.wav
3,nicolas,42,3_nicolas_42.wav
0,yweweler,2,0_yweweler_2.wav
9,george,20,9_george_20.wav
8,yweweler,3,8_yweweler_3.wav
0,lucas,49,0_lucas_49.wav
6,george,3,6_george_3.wav
9,george,34,9_george_34.wav
4,nicolas,41,4_nicolas_41.wav
4,jackson,16,4_jackson_16.wav
1,theo,19,1_theo_19.wav
8,nicolas,21,8_nicolas_21.wav
1,theo,31,1_theo_31.wav
0,nicolas,34,0_nicolas_34.wav
0,nicolas,20,0_nicolas_20.wav
7,george,46,7_george_46.wav
1,theo,25,1_theo_25.wav
8,nicolas,35,8_nicolas_35.wav
4,lucas,41,4_lucas_41.wav
1,jackson,2,1_jackson_2.wav
1,theo,3,1_theo_3.wav
2,yweweler,40,2_yweweler_40.wav
6,theo,15,6_theo_15.wav
6,george,48,6_george_48.wav
8,george,12,8_george_12.wav
1,nicolas,5,1_nicolas_5.wav
5,yweweler,44,5_yweweler_44.wav
6,theo,29,6_theo_29.wav
0,george,4,0_george_4.wav
3,theo,38,3_theo_38.wav
6,jackson,6,6_jackson_6.wav
6,nicolas,1,6_nicolas_1.wav
3,theo,10,3_theo_10.wav
4,theo,34,4_theo_34.wav
9,theo,48,9_theo_48.wav
2,nicolas,46,2_nicolas_46.wav
2,jackson,11,2_jackson_11.wav
7,jackson,8,7_jackson_8.wav
2,lucas,46,2_lucas_46.wav
7,theo,8,7_theo_8.wav
6,yweweler,5,6_yweweler_5.wav
4,theo,20,4_theo_20.wav
0,yweweler,48,0_yweweler_48.wav
9,lucas,26,9_lucas_26.wav
6,nicolas,27,6_nicolas_27.wav
0,george,42,0_george_42.wav
9,yweweler,17,9_yweweler_17.wav
2,jackson,39,2_jackson_39.wav
6,nicolas,33,6_nicolas_33.wav
9,lucas,32,9_lucas_32.wav
1,nicolas,24,1_nicolas_24.wav
9,nicolas,31,9_nicolas_31.wav
4,theo,6,4_theo_6.wav
7,george,4,7_george_4.wav
9,nicolas,25,9_nicolas_25.wav
1,nicolas,30,1_nicolas_30.wav
1,nicolas,18,1_nicolas_18.wav
9,yweweler,7,9_yweweler_7.wav
3,george,47,3_george_47.wav
6,lucas,4,6_lucas_4.wav
5,jackson,12,5_jackson_12.wav
5,nicolas,45,5_nicolas_45.wav
9,nicolas,19,9_nicolas_19.wav
1,yweweler,6,1_yweweler_6.wav
3,yweweler,25,3_yweweler_25.wav
5,jackson,3,5_jackson_3.wav
5,lucas,46,5_lucas_46.wav
3,yweweler,31,3_yweweler_31.wav
7,theo,47,7_theo_47.wav
4,yweweler,21,4_yweweler_21.wav
5,nicolas,4,5_nicolas_4.wav
3,yweweler,19,3_yweweler_19.wav
1,lucas,8,1_lucas_8.wav
2,george,49,2_george_49.wav
4,yweweler,35,4_yweweler_35.wav
